Loan_ID,Gender,Married,ROI,Dependents,Education,Self_Employed,ApplicantIncome,CoapplicantIncome,LoanAmount,Loan_Amount_Term,Credit_History,Property_Area,Loan_Status
LP001002,Male,No,6,0,Graduate,No,5849,0,,360,1,Urban,Y
LP001003,Male,Yes,6,1,Graduate,No,4583,1508,128000,360,1,Rural,N
LP001005,Male,Yes,6,0,Graduate,Yes,3000,0,66000,360,1,Urban,Y
LP001006,Male,Yes,6,0,Not Graduate,No,2583,2358,120000,360,1,Urban,Y
LP001008,Male,No,6,0,Graduate,No,6000,0,141000,360,1,Urban,Y
LP001011,Male,Yes,6,2,Graduate,Yes,5417,4196,267000,360,1,Urban,Y
LP001013,Male,Yes,6,0,Not Graduate,No,2333,1516,95000,360,1,Urban,Y
LP001014,Male,Yes,6,3+,Graduate,No,3036,2504,158000,360,0,Semiurban,N
LP001018,Male,Yes,6,2,Graduate,No,4006,1526,168000,360,1,Urban,Y
LP001020,Male,Yes,6,1,Graduate,No,12841,10968,349000,360,1,Semiurban,N
LP001024,Male,Yes,6,2,Graduate,No,3200,700,70000,360,1,Urban,Y
LP001027,Male,Yes,6,2,Graduate,,2500,1840,109000,360,1,Urban,Y
LP001028,Male,Yes,6,2,Graduate,No,3073,8106,200000,360,1,Urban,Y
LP001029,Male,No,6,0,Graduate,No,1853,2840,114000,360,1,Rural,N
LP001030,Male,Yes,6,2,Graduate,No,1299,1086,17000,120,1,Urban,Y
LP001032,Male,No,6,0,Graduate,No,4950,0,125000,360,1,Urban,Y
LP001034,Male,No,6,1,Not Graduate,No,3596,0,100000,240,,Urban,Y
LP001036,Female,No,6,0,Graduate,No,3510,0,76000,360,0,Urban,N
LP001038,Male,Yes,6,0,Not Graduate,No,4887,0,133000,360,1,Rural,N
LP001041,Male,Yes,6,0,Graduate,,2600,3500,115000,,1,Urban,Y
LP001043,Male,Yes,6,0,Not Graduate,No,7660,0,104000,360,0,Urban,N
LP001046,Male,Yes,6,1,Graduate,No,5955,5625,315000,360,1,Urban,Y
LP001047,Male,Yes,6,0,Not Graduate,No,2600,1911,116000,360,0,Semiurban,N
LP001050,,Yes,6,2,Not Graduate,No,3365,1917,112000,360,0,Rural,N
LP001052,Male,Yes,6,1,Graduate,,3717,2925,151000,360,,Semiurban,N
LP001066,Male,Yes,6,0,Graduate,Yes,9560,0,191000,360,1,Semiurban,Y
LP001068,Male,Yes,6,0,Graduate,No,2799,2253,122000,360,1,Semiurban,Y
LP001073,Male,Yes,6,2,Not Graduate,No,4226,1040,110000,360,1,Urban,Y
LP001086,Male,No,6,0,Not Graduate,No,1442,0,35000,360,1,Urban,N
LP001087,Female,No,6,2,Graduate,,3750,2083,120000,360,1,Semiurban,Y
LP001091,Male,Yes,6,1,Graduate,,4166,3369,201000,360,,Urban,N
LP001095,Male,No,6,0,Graduate,No,3167,0,74000,360,1,Urban,N
LP001097,Male,No,6,1,Graduate,Yes,4692,0,106000,360,1,Rural,N
LP001098,Male,Yes,6,0,Graduate,No,3500,1667,114000,360,1,Semiurban,Y
LP001100,Male,No,6,3+,Graduate,No,12500,3000,320000,360,1,Rural,N
LP001106,Male,Yes,6,0,Graduate,No,2275,2067,,360,1,Urban,Y
LP001109,Male,Yes,6,0,Graduate,No,1828,1330,100000,,0,Urban,N
LP001112,Female,Yes,6,0,Graduate,No,3667,1459,144000,360,1,Semiurban,Y
LP001114,Male,No,6,0,Graduate,No,4166,7210,184000,360,1,Urban,Y
LP001116,Male,No,6,0,Not Graduate,No,3748,1668,110000,360,1,Semiurban,Y
LP001119,Male,No,6,0,Graduate,No,3600,0,80000,360,1,Urban,N
LP001120,Male,No,6,0,Graduate,No,1800,1213,47000,360,1,Urban,Y
LP001123,Male,Yes,6,0,Graduate,No,2400,0,75000,360,,Urban,Y
LP001131,Male,Yes,6,0,Graduate,No,3941,2336,134000,360,1,Semiurban,Y
LP001136,Male,Yes,6,0,Not Graduate,Yes,4695,0,96000,,1,Urban,Y
LP001137,Female,No,6,0,Graduate,No,3410,0,88000,,1,Urban,Y
LP001138,Male,Yes,6,1,Graduate,No,5649,0,44000,360,1,Urban,Y
LP001144,Male,Yes,6,0,Graduate,No,5821,0,144000,360,1,Urban,Y
LP001146,Female,Yes,6,0,Graduate,No,2645,3440,120000,360,0,Urban,N
LP001151,Female,No,6,0,Graduate,No,4000,2275,144000,360,1,Semiurban,Y
LP001155,Female,Yes,6,0,Not Graduate,No,1928,1644,100000,360,1,Semiurban,Y
LP001157,Female,No,6,0,Graduate,No,3086,0,120000,360,1,Semiurban,Y
LP001164,Female,No,6,0,Graduate,No,4230,0,112000,360,1,Semiurban,N
LP001179,Male,Yes,6,2,Graduate,No,4616,0,134000,360,1,Urban,N
LP001186,Female,Yes,6,1,Graduate,Yes,11500,0,286000,360,0,Urban,N
LP001194,Male,Yes,6,2,Graduate,No,2708,1167,97000,360,1,Semiurban,Y
LP001195,Male,Yes,6,0,Graduate,No,2132,1591,96000,360,1,Semiurban,Y
LP001197,Male,Yes,6,0,Graduate,No,3366,2200,135000,360,1,Rural,N
LP001198,Male,Yes,6,1,Graduate,No,8080,2250,180000,360,1,Urban,Y
LP001199,Male,Yes,6,2,Not Graduate,No,3357,2859,144000,360,1,Urban,Y
LP001205,Male,Yes,6,0,Graduate,No,2500,3796,120000,360,1,Urban,Y
LP001206,Male,Yes,6,3+,Graduate,No,3029,0,99000,360,1,Urban,Y
LP001207,Male,Yes,6,0,Not Graduate,Yes,2609,3449,165000,180,0,Rural,N
LP001213,Male,Yes,6,1,Graduate,No,4945,0,,360,0,Rural,N
LP001222,Female,No,6,0,Graduate,No,4166,0,116000,360,0,Semiurban,N
LP001225,Male,Yes,6,0,Graduate,No,5726,4595,258000,360,1,Semiurban,N
LP001228,Male,No,6,0,Not Graduate,No,3200,2254,126000,180,0,Urban,N
LP001233,Male,Yes,6,1,Graduate,No,10750,0,312000,360,1,Urban,Y
LP001238,Male,Yes,6,3+,Not Graduate,Yes,7100,0,125000,60,1,Urban,Y
LP001241,Female,No,6,0,Graduate,No,4300,0,136000,360,0,Semiurban,N
LP001243,Male,Yes,6,0,Graduate,No,3208,3066,172000,360,1,Urban,Y
LP001245,Male,Yes,6,2,Not Graduate,Yes,1875,1875,97000,360,1,Semiurban,Y
LP001248,Male,No,6,0,Graduate,No,3500,0,81000,300,1,Semiurban,Y
LP001250,Male,Yes,6,3+,Not Graduate,No,4755,0,95000,,0,Semiurban,N
LP001253,Male,Yes,6,3+,Graduate,Yes,5266,1774,187000,360,1,Semiurban,Y
LP001255,Male,No,6,0,Graduate,No,3750,0,113000,480,1,Urban,N
LP001256,Male,No,6,0,Graduate,No,3750,4750,176000,360,1,Urban,N
LP001259,Male,Yes,6,1,Graduate,Yes,1000,3022,110000,360,1,Urban,N
LP001263,Male,Yes,6,3+,Graduate,No,3167,4000,180000,300,0,Semiurban,N
LP001264,Male,Yes,6,3+,Not Graduate,Yes,3333,2166,130000,360,,Semiurban,Y
LP001265,Female,No,6,0,Graduate,No,3846,0,111000,360,1,Semiurban,Y
LP001266,Male,Yes,6,1,Graduate,Yes,2395,0,,360,1,Semiurban,Y
LP001267,Female,Yes,6,2,Graduate,No,1378,1881,167000,360,1,Urban,N
LP001273,Male,Yes,6,0,Graduate,No,6000,2250,265000,360,,Semiurban,N
LP001275,Male,Yes,6,1,Graduate,No,3988,0,50000,240,1,Urban,Y
LP001279,Male,No,6,0,Graduate,No,2366,2531,136000,360,1,Semiurban,Y
LP001280,Male,Yes,6,2,Not Graduate,No,3333,2000,99000,360,,Semiurban,Y
LP001282,Male,Yes,6,0,Graduate,No,2500,2118,104000,360,1,Semiurban,Y
LP001289,Male,No,6,0,Graduate,No,8566,0,210000,360,1,Urban,Y
LP001310,Male,Yes,6,0,Graduate,No,5695,4167,175000,360,1,Semiurban,Y
LP001316,Male,Yes,6,0,Graduate,No,2958,2900,131000,360,1,Semiurban,Y
LP001318,Male,Yes,6,2,Graduate,No,6250,5654,188000,180,1,Semiurban,Y
LP001319,Male,Yes,6,2,Not Graduate,No,3273,1820,81000,360,1,Urban,Y
LP001322,Male,No,6,0,Graduate,No,4133,0,122000,360,1,Semiurban,Y
LP001325,Male,No,6,0,Not Graduate,No,3620,0,25000,120,1,Semiurban,Y
LP001326,Male,No,6,0,Graduate,,6782,0,,360,,Urban,N
LP001327,Female,Yes,6,0,Graduate,No,2484,2302,137000,360,1,Semiurban,Y
LP001333,Male,Yes,6,0,Graduate,No,1977,997,50000,360,1,Semiurban,Y
LP001334,Male,Yes,6,0,Not Graduate,No,4188,0,115000,180,1,Semiurban,Y
LP001343,Male,Yes,6,0,Graduate,No,1759,3541,131000,360,1,Semiurban,Y
LP001345,Male,Yes,6,2,Not Graduate,No,4288,3263,133000,180,1,Urban,Y
LP001349,Male,No,6,0,Graduate,No,4843,3806,151000,360,1,Semiurban,Y
LP001350,Male,Yes,6,,Graduate,No,13650,0,,360,1,Urban,Y
LP001356,Male,Yes,6,0,Graduate,No,4652,3583,,360,1,Semiurban,Y
LP001357,Male,,6,,Graduate,No,3816,754,160000,360,1,Urban,Y
LP001367,Male,Yes,6,1,Graduate,No,3052,1030,100000,360,1,Urban,Y
LP001369,Male,Yes,6,2,Graduate,No,11417,1126,225000,360,1,Urban,Y
LP001370,Male,No,6,0,Not Graduate,,7333,0,120000,360,1,Rural,N
LP001379,Male,Yes,6,2,Graduate,No,3800,3600,216000,360,0,Urban,N
LP001384,Male,Yes,6,3+,Not Graduate,No,2071,754,94000,480,1,Semiurban,Y
LP001385,Male,No,6,0,Graduate,No,5316,0,136000,360,1,Urban,Y
LP001387,Female,Yes,6,0,Graduate,,2929,2333,139000,360,1,Semiurban,Y
LP001391,Male,Yes,6,0,Not Graduate,No,3572,4114,152000,,0,Rural,N
LP001392,Female,No,6,1,Graduate,Yes,7451,0,,360,1,Semiurban,Y
LP001398,Male,No,6,0,Graduate,,5050,0,118000,360,1,Semiurban,Y
LP001401,Male,Yes,6,1,Graduate,No,14583,0,185000,180,1,Rural,Y
LP001404,Female,Yes,6,0,Graduate,No,3167,2283,154000,360,1,Semiurban,Y
LP001405,Male,Yes,6,1,Graduate,No,2214,1398,85000,360,,Urban,Y
LP001421,Male,Yes,6,0,Graduate,No,5568,2142,175000,360,1,Rural,N
LP001422,Female,No,6,0,Graduate,No,10408,0,259000,360,1,Urban,Y
LP001426,Male,Yes,6,,Graduate,No,5667,2667,180000,360,1,Rural,Y
LP001430,Female,No,6,0,Graduate,No,4166,0,44000,360,1,Semiurban,Y
LP001431,Female,No,6,0,Graduate,No,2137,8980,137000,360,0,Semiurban,Y
LP001432,Male,Yes,6,2,Graduate,No,2957,0,81000,360,1,Semiurban,Y
LP001439,Male,Yes,6,0,Not Graduate,No,4300,2014,194000,360,1,Rural,Y
LP001443,Female,No,6,0,Graduate,No,3692,0,93000,360,,Rural,Y
LP001448,,Yes,6,3+,Graduate,No,23803,0,370000,360,1,Rural,Y
LP001449,Male,No,6,0,Graduate,No,3865,1640,,360,1,Rural,Y
LP001451,Male,Yes,6,1,Graduate,Yes,10513,3850,160000,180,0,Urban,N
LP001465,Male,Yes,6,0,Graduate,No,6080,2569,182000,360,,Rural,N
LP001469,Male,No,6,0,Graduate,Yes,20166,0,650000,480,,Urban,Y
LP001473,Male,No,6,0,Graduate,No,2014,1929,74000,360,1,Urban,Y
LP001478,Male,No,6,0,Graduate,No,2718,0,70000,360,1,Semiurban,Y
LP001482,Male,Yes,6,0,Graduate,Yes,3459,0,25000,120,1,Semiurban,Y
LP001487,Male,No,6,0,Graduate,No,4895,0,102000,360,1,Semiurban,Y
LP001488,Male,Yes,6,3+,Graduate,No,4000,7750,290000,360,1,Semiurban,N
LP001489,Female,Yes,6,0,Graduate,No,4583,0,84000,360,1,Rural,N
LP001491,Male,Yes,6,2,Graduate,Yes,3316,3500,88000,360,1,Urban,Y
LP001492,Male,No,6,0,Graduate,No,14999,0,242000,360,0,Semiurban,N
LP001493,Male,Yes,6,2,Not Graduate,No,4200,1430,129000,360,1,Rural,N
LP001497,Male,Yes,6,2,Graduate,No,5042,2083,185000,360,1,Rural,N
LP001498,Male,No,6,0,Graduate,No,5417,0,168000,360,1,Urban,Y
LP001504,Male,No,6,0,Graduate,Yes,6950,0,175000,180,1,Semiurban,Y
LP001507,Male,Yes,6,0,Graduate,No,2698,2034,122000,360,1,Semiurban,Y
LP001508,Male,Yes,6,2,Graduate,No,11757,0,187000,180,1,Urban,Y
LP001514,Female,Yes,6,0,Graduate,No,2330,4486,100000,360,1,Semiurban,Y
LP001516,Female,Yes,6,2,Graduate,No,14866,0,70000,360,1,Urban,Y
LP001518,Male,Yes,6,1,Graduate,No,1538,1425,30000,360,1,Urban,Y
LP001519,Female,No,6,0,Graduate,No,10000,1666,225000,360,1,Rural,N
LP001520,Male,Yes,6,0,Graduate,No,4860,830,125000,360,1,Semiurban,Y
LP001528,Male,No,6,0,Graduate,No,6277,0,118000,360,0,Rural,N
LP001529,Male,Yes,6,0,Graduate,Yes,2577,3750,152000,360,1,Rural,Y
LP001531,Male,No,6,0,Graduate,No,9166,0,244000,360,1,Urban,N
LP001532,Male,Yes,6,2,Not Graduate,No,2281,0,113000,360,1,Rural,N
LP001535,Male,No,6,0,Graduate,No,3254,0,50000,360,1,Urban,Y
LP001536,Male,Yes,6,3+,Graduate,No,39999,0,600000,180,0,Semiurban,Y
LP001541,Male,Yes,6,1,Graduate,No,6000,0,160000,360,,Rural,Y
LP001543,Male,Yes,6,1,Graduate,No,9538,0,187000,360,1,Urban,Y
LP001546,Male,No,6,0,Graduate,,2980,2083,120000,360,1,Rural,Y
LP001552,Male,Yes,6,0,Graduate,No,4583,5625,255000,360,1,Semiurban,Y
LP001560,Male,Yes,6,0,Not Graduate,No,1863,1041,98000,360,1,Semiurban,Y
LP001562,Male,Yes,6,0,Graduate,No,7933,0,275000,360,1,Urban,N
LP001565,Male,Yes,6,1,Graduate,No,3089,1280,121000,360,0,Semiurban,N
LP001570,Male,Yes,6,2,Graduate,No,4167,1447,158000,360,1,Rural,Y
LP001572,Male,Yes,6,0,Graduate,No,9323,0,75000,180,1,Urban,Y
LP001574,Male,Yes,6,0,Graduate,No,3707,3166,182000,,1,Rural,Y
LP001577,Female,Yes,6,0,Graduate,No,4583,0,112000,360,1,Rural,N
LP001578,Male,Yes,6,0,Graduate,No,2439,3333,129000,360,1,Rural,Y
LP001579,Male,No,6,0,Graduate,No,2237,0,63000,480,0,Semiurban,N
LP001580,Male,Yes,6,2,Graduate,No,8000,0,200000,360,1,Semiurban,Y
LP001581,Male,Yes,6,0,Not Graduate,,1820,1769,95000,360,1,Rural,Y
LP001585,,Yes,6,3+,Graduate,No,51763,0,700000,300,1,Urban,Y
LP001586,Male,Yes,6,3+,Not Graduate,No,3522,0,81000,180,1,Rural,N
LP001594,Male,Yes,6,0,Graduate,No,5708,5625,187000,360,1,Semiurban,Y
LP001603,Male,Yes,6,0,Not Graduate,Yes,4344,736,87000,360,1,Semiurban,N
LP001606,Male,Yes,6,0,Graduate,No,3497,1964,116000,360,1,Rural,Y
LP001608,Male,Yes,6,2,Graduate,No,2045,1619,101000,360,1,Rural,Y
LP001610,Male,Yes,6,3+,Graduate,No,5516,11300,495000,360,0,Semiurban,N
LP001616,Male,Yes,6,1,Graduate,No,3750,0,116000,360,1,Semiurban,Y
LP001630,Male,No,6,0,Not Graduate,No,2333,1451,102000,480,0,Urban,N
LP001633,Male,Yes,6,1,Graduate,No,6400,7250,180000,360,0,Urban,N
LP001634,Male,No,6,0,Graduate,No,1916,5063,67000,360,,Rural,N
LP001636,Male,Yes,6,0,Graduate,No,4600,0,73000,180,1,Semiurban,Y
LP001637,Male,Yes,6,1,Graduate,No,33846,0,260000,360,1,Semiurban,N
LP001639,Female,Yes,6,0,Graduate,No,3625,0,108000,360,1,Semiurban,Y
LP001640,Male,Yes,6,0,Graduate,Yes,39147,4750,120000,360,1,Semiurban,Y
LP001641,Male,Yes,6,1,Graduate,Yes,2178,0,66000,300,0,Rural,N
LP001643,Male,Yes,6,0,Graduate,No,2383,2138,58000,360,,Rural,Y
LP001644,,Yes,6,0,Graduate,Yes,674,5296,168000,360,1,Rural,Y
LP001647,Male,Yes,6,0,Graduate,No,9328,0,188000,180,1,Rural,Y
LP001653,Male,No,6,0,Not Graduate,No,4885,0,48000,360,1,Rural,Y
LP001656,Male,No,6,0,Graduate,No,12000,0,164000,360,1,Semiurban,N
LP001657,Male,Yes,6,0,Not Graduate,No,6033,0,160000,360,1,Urban,N
LP001658,Male,No,6,0,Graduate,No,3858,0,76000,360,1,Semiurban,Y
LP001664,Male,No,6,0,Graduate,No,4191,0,120000,360,1,Rural,Y
LP001665,Male,Yes,6,1,Graduate,No,3125,2583,170000,360,1,Semiurban,N
LP001666,Male,No,6,0,Graduate,No,8333,3750,187000,360,1,Rural,Y
LP001669,Female,No,6,0,Not Graduate,No,1907,2365,120000,,1,Urban,Y
LP001671,Female,Yes,6,0,Graduate,No,3416,2816,113000,360,,Semiurban,Y
LP001673,Male,No,6,0,Graduate,Yes,11000,0,83000,360,1,Urban,N
LP001674,Male,Yes,6,1,Not Graduate,No,2600,2500,90000,360,1,Semiurban,Y
LP001677,Male,No,6,2,Graduate,No,4923,0,166000,360,0,Semiurban,Y
LP001682,Male,Yes,6,3+,Not Graduate,No,3992,0,,180,1,Urban,N
LP001688,Male,Yes,6,1,Not Graduate,No,3500,1083,135000,360,1,Urban,Y
LP001691,Male,Yes,6,2,Not Graduate,No,3917,0,124000,360,1,Semiurban,Y
LP001692,Female,No,6,0,Not Graduate,No,4408,0,120000,360,1,Semiurban,Y
LP001693,Female,No,6,0,Graduate,No,3244,0,80000,360,1,Urban,Y
LP001698,Male,No,6,0,Not Graduate,No,3975,2531,55000,360,1,Rural,Y
LP001699,Male,No,6,0,Graduate,No,2479,0,59000,360,1,Urban,Y
LP001702,Male,No,6,0,Graduate,No,3418,0,127000,360,1,Semiurban,N
LP001708,Female,No,6,0,Graduate,No,10000,0,214000,360,1,Semiurban,N
LP001711,Male,Yes,6,3+,Graduate,No,3430,1250,128000,360,0,Semiurban,N
LP001713,Male,Yes,6,1,Graduate,Yes,7787,0,240000,360,1,Urban,Y
LP001715,Male,Yes,6,3+,Not Graduate,Yes,5703,0,130000,360,1,Rural,Y
LP001716,Male,Yes,6,0,Graduate,No,3173,3021,137000,360,1,Urban,Y
LP001720,Male,Yes,6,3+,Not Graduate,No,3850,983,100000,360,1,Semiurban,Y
LP001722,Male,Yes,6,0,Graduate,No,150,1800,135000,360,1,Rural,N
LP001726,Male,Yes,6,0,Graduate,No,3727,1775,131000,360,1,Semiurban,Y
LP001732,Male,Yes,6,2,Graduate,,5000,0,72000,360,0,Semiurban,N
LP001734,Female,Yes,6,2,Graduate,No,4283,2383,127000,360,,Semiurban,Y
LP001736,Male,Yes,6,0,Graduate,No,2221,0,60000,360,0,Urban,N
LP001743,Male,Yes,6,2,Graduate,No,4009,1717,116000,360,1,Semiurban,Y
LP001744,Male,No,6,0,Graduate,No,2971,2791,144000,360,1,Semiurban,Y
LP001749,Male,Yes,6,0,Graduate,No,7578,1010,175000,,1,Semiurban,Y
LP001750,Male,Yes,6,0,Graduate,No,6250,0,128000,360,1,Semiurban,Y
LP001751,Male,Yes,6,0,Graduate,No,3250,0,170000,360,1,Rural,N
LP001754,Male,Yes,6,,Not Graduate,Yes,4735,0,138000,360,1,Urban,N
LP001758,Male,Yes,6,2,Graduate,No,6250,1695,210000,360,1,Semiurban,Y
LP001760,Male,,6,,Graduate,No,4758,0,158000,480,1,Semiurban,Y
LP001761,Male,No,6,0,Graduate,Yes,6400,0,200000,360,1,Rural,Y
LP001765,Male,Yes,6,1,Graduate,No,2491,2054,104000,360,1,Semiurban,Y
LP001768,Male,Yes,6,0,Graduate,,3716,0,42000,180,1,Rural,Y
LP001770,Male,No,6,0,Not Graduate,No,3189,2598,120000,,1,Rural,Y
LP001776,Female,No,6,0,Graduate,No,8333,0,280000,360,1,Semiurban,Y
LP001778,Male,Yes,6,1,Graduate,No,3155,1779,140000,360,1,Semiurban,Y
LP001784,Male,Yes,6,1,Graduate,No,5500,1260,170000,360,1,Rural,Y
LP001786,Male,Yes,6,0,Graduate,,5746,0,255000,360,,Urban,N
LP001788,Female,No,6,0,Graduate,Yes,3463,0,122000,360,,Urban,Y
LP001790,Female,No,6,1,Graduate,No,3812,0,112000,360,1,Rural,Y
LP001792,Male,Yes,6,1,Graduate,No,3315,0,96000,360,1,Semiurban,Y
LP001798,Male,Yes,6,2,Graduate,No,5819,5000,120000,360,1,Rural,Y
LP001800,Male,Yes,6,1,Not Graduate,No,2510,1983,140000,180,1,Urban,N
LP001806,Male,No,6,0,Graduate,No,2965,5701,155000,60,1,Urban,Y
LP001807,Male,Yes,6,2,Graduate,Yes,6250,1300,108000,360,1,Rural,Y
LP001811,Male,Yes,6,0,Not Graduate,No,3406,4417,123000,360,1,Semiurban,Y
LP001813,Male,No,6,0,Graduate,Yes,6050,4333,120000,180,1,Urban,N
LP001814,Male,Yes,6,2,Graduate,No,9703,0,112000,360,1,Urban,Y
LP001819,Male,Yes,6,1,Not Graduate,No,6608,0,137000,180,1,Urban,Y
LP001824,Male,Yes,6,1,Graduate,No,2882,1843,123000,480,1,Semiurban,Y
LP001825,Male,Yes,6,0,Graduate,No,1809,1868,90000,360,1,Urban,Y
LP001835,Male,Yes,6,0,Not Graduate,No,1668,3890,201000,360,0,Semiurban,N
LP001836,Female,No,6,2,Graduate,No,3427,0,138000,360,1,Urban,N
LP001841,Male,No,6,0,Not Graduate,Yes,2583,2167,104000,360,1,Rural,Y
LP001843,Male,Yes,6,1,Not Graduate,No,2661,7101,279000,180,1,Semiurban,Y
LP001844,Male,No,6,0,Graduate,Yes,16250,0,192000,360,0,Urban,N
LP001846,Female,No,6,3+,Graduate,No,3083,0,255000,360,1,Rural,Y
LP001849,Male,No,6,0,Not Graduate,No,6045,0,115000,360,0,Rural,N
LP001854,Male,Yes,6,3+,Graduate,No,5250,0,94000,360,1,Urban,N
LP001859,Male,Yes,6,0,Graduate,No,14683,2100,304000,360,1,Rural,N
LP001864,Male,Yes,6,3+,Not Graduate,No,4931,0,128000,360,,Semiurban,N
LP001865,Male,Yes,6,1,Graduate,No,6083,4250,330000,360,,Urban,Y
LP001868,Male,No,6,0,Graduate,No,2060,2209,134000,360,1,Semiurban,Y
LP001870,Female,No,6,1,Graduate,No,3481,0,155000,36,1,Semiurban,N
LP001871,Female,No,6,0,Graduate,No,7200,0,120000,360,1,Rural,Y
LP001872,Male,No,6,0,Graduate,Yes,5166,0,128000,360,1,Semiurban,Y
LP001875,Male,No,6,0,Graduate,No,4095,3447,151000,360,1,Rural,Y
LP001877,Male,Yes,6,2,Graduate,No,4708,1387,150000,360,1,Semiurban,Y
LP001882,Male,Yes,6,3+,Graduate,No,4333,1811,160000,360,0,Urban,Y
LP001883,Female,No,6,0,Graduate,,3418,0,135000,360,1,Rural,N
LP001884,Female,No,6,1,Graduate,No,2876,1560,90000,360,1,Urban,Y
LP001888,Female,No,6,0,Graduate,No,3237,0,30000,360,1,Urban,Y
LP001891,Male,Yes,6,0,Graduate,No,11146,0,136000,360,1,Urban,Y
LP001892,Male,No,6,0,Graduate,No,2833,1857,126000,360,1,Rural,Y
LP001894,Male,Yes,6,0,Graduate,No,2620,2223,150000,360,1,Semiurban,Y
LP001896,Male,Yes,6,2,Graduate,No,3900,0,90000,360,1,Semiurban,Y
LP001900,Male,Yes,6,1,Graduate,No,2750,1842,115000,360,1,Semiurban,Y
LP001903,Male,Yes,6,0,Graduate,No,3993,3274,207000,360,1,Semiurban,Y
LP001904,Male,Yes,6,0,Graduate,No,3103,1300,80000,360,1,Urban,Y
LP001907,Male,Yes,6,0,Graduate,No,14583,0,436000,360,1,Semiurban,Y
LP001908,Female,Yes,6,0,Not Graduate,No,4100,0,124000,360,,Rural,Y
LP001910,Male,No,6,1,Not Graduate,Yes,4053,2426,158000,360,0,Urban,N
LP001914,Male,Yes,6,0,Graduate,No,3927,800,112000,360,1,Semiurban,Y
LP001915,Male,Yes,6,2,Graduate,No,2301,985.7999878,78000,180,1,Urban,Y
LP001917,Female,No,6,0,Graduate,No,1811,1666,54000,360,1,Urban,Y
LP001922,Male,Yes,6,0,Graduate,No,20667,0,,360,1,Rural,N
LP001924,Male,No,6,0,Graduate,No,3158,3053,89000,360,1,Rural,Y
LP001925,Female,No,6,0,Graduate,Yes,2600,1717,99000,300,1,Semiurban,N
LP001926,Male,Yes,6,0,Graduate,No,3704,2000,120000,360,1,Rural,Y
LP001931,Female,No,6,0,Graduate,No,4124,0,115000,360,1,Semiurban,Y
LP001935,Male,No,6,0,Graduate,No,9508,0,187000,360,1,Rural,Y
LP001936,Male,Yes,6,0,Graduate,No,3075,2416,139000,360,1,Rural,Y
LP001938,Male,Yes,6,2,Graduate,No,4400,0,127000,360,0,Semiurban,N
LP001940,Male,Yes,6,2,Graduate,No,3153,1560,134000,360,1,Urban,Y
LP001945,Female,No,6,,Graduate,No,5417,0,143000,480,0,Urban,N
LP001947,Male,Yes,6,0,Graduate,No,2383,3334,172000,360,1,Semiurban,Y
LP001949,Male,Yes,6,3+,Graduate,,4416,1250,110000,360,1,Urban,Y
LP001953,Male,Yes,6,1,Graduate,No,6875,0,200000,360,1,Semiurban,Y
LP001954,Female,Yes,6,1,Graduate,No,4666,0,135000,360,1,Urban,Y
LP001955,Female,No,6,0,Graduate,No,5000,2541,151000,480,1,Rural,N
LP001963,Male,Yes,6,1,Graduate,No,2014,2925,113000,360,1,Urban,N
LP001964,Male,Yes,6,0,Not Graduate,No,1800,2934,93000,360,0,Urban,N
LP001972,Male,Yes,6,,Not Graduate,No,2875,1750,105000,360,1,Semiurban,Y
LP001974,Female,No,6,0,Graduate,No,5000,0,132000,360,1,Rural,Y
LP001977,Male,Yes,6,1,Graduate,No,1625,1803,96000,360,1,Urban,Y
LP001978,Male,No,6,0,Graduate,No,4000,2500,140000,360,1,Rural,Y
LP001990,Male,No,6,0,Not Graduate,No,2000,0,,360,1,Urban,N
LP001993,Female,No,6,0,Graduate,No,3762,1666,135000,360,1,Rural,Y
LP001994,Female,No,6,0,Graduate,No,2400,1863,104000,360,0,Urban,N
LP001996,Male,No,6,0,Graduate,No,20233,0,480000,360,1,Rural,N
LP001998,Male,Yes,6,2,Not Graduate,No,7667,0,185000,360,,Rural,Y
LP002002,Female,No,6,0,Graduate,No,2917,0,84000,360,1,Semiurban,Y
LP002004,Male,No,6,0,Not Graduate,No,2927,2405,111000,360,1,Semiurban,Y
LP002006,Female,No,6,0,Graduate,No,2507,0,56000,360,1,Rural,Y
LP002008,Male,Yes,6,2,Graduate,Yes,5746,0,144000,84,,Rural,Y
LP002024,,Yes,6,0,Graduate,No,2473,1843,159000,360,1,Rural,N
LP002031,Male,Yes,6,1,Not Graduate,No,3399,1640,111000,180,1,Urban,Y
LP002035,Male,Yes,6,2,Graduate,No,3717,0,120000,360,1,Semiurban,Y
LP002036,Male,Yes,6,0,Graduate,No,2058,2134,88000,360,,Urban,Y
LP002043,Female,No,6,1,Graduate,No,3541,0,112000,360,,Semiurban,Y
LP002050,Male,Yes,6,1,Graduate,Yes,10000,0,155000,360,1,Rural,N
LP002051,Male,Yes,6,0,Graduate,No,2400,2167,115000,360,1,Semiurban,Y
LP002053,Male,Yes,6,3+,Graduate,No,4342,189,124000,360,1,Semiurban,Y
LP002054,Male,Yes,6,2,Not Graduate,No,3601,1590,,360,1,Rural,Y
LP002055,Female,No,6,0,Graduate,No,3166,2985,132000,360,,Rural,Y
LP002065,Male,Yes,6,3+,Graduate,No,15000,0,300000,360,1,Rural,Y
LP002067,Male,Yes,6,1,Graduate,Yes,8666,4983,376000,360,0,Rural,N
LP002068,Male,No,6,0,Graduate,No,4917,0,130000,360,0,Rural,Y
LP002082,Male,Yes,6,0,Graduate,Yes,5818,2160,184000,360,1,Semiurban,Y
LP002086,Female,Yes,6,0,Graduate,No,4333,2451,110000,360,1,Urban,N
LP002087,Female,No,6,0,Graduate,No,2500,0,67000,360,1,Urban,Y
LP002097,Male,No,6,1,Graduate,No,4384,1793,117000,360,1,Urban,Y
LP002098,Male,No,6,0,Graduate,No,2935,0,98000,360,1,Semiurban,Y
LP002100,Male,No,6,,Graduate,No,2833,0,71000,360,1,Urban,Y
LP002101,Male,Yes,6,0,Graduate,,63337,0,490000,180,1,Urban,Y
LP002103,,Yes,6,1,Graduate,Yes,9833,1833,182000,180,1,Urban,Y
LP002106,Male,Yes,6,,Graduate,Yes,5503,4490,70000,,1,Semiurban,Y
LP002110,Male,Yes,6,1,Graduate,,5250,688,160000,360,1,Rural,Y
LP002112,Male,Yes,6,2,Graduate,Yes,2500,4600,176000,360,1,Rural,Y
LP002113,Female,No,6,3+,Not Graduate,No,1830,0,,360,0,Urban,N
LP002114,Female,No,6,0,Graduate,No,4160,0,71000,360,1,Semiurban,Y
LP002115,Male,Yes,6,3+,Not Graduate,No,2647,1587,173000,360,1,Rural,N
LP002116,Female,No,6,0,Graduate,No,2378,0,46000,360,1,Rural,N
LP002119,Male,Yes,6,1,Not Graduate,No,4554,1229,158000,360,1,Urban,Y
LP002126,Male,Yes,6,3+,Not Graduate,No,3173,0,74000,360,1,Semiurban,Y
LP002128,Male,Yes,6,2,Graduate,,2583,2330,125000,360,1,Rural,Y
LP002129,Male,Yes,6,0,Graduate,No,2499,2458,160000,360,1,Semiurban,Y
LP002130,Male,Yes,6,,Not Graduate,No,3523,3230,152000,360,0,Rural,N
LP002131,Male,Yes,6,2,Not Graduate,No,3083,2168,126000,360,1,Urban,Y
LP002137,Male,Yes,6,0,Graduate,No,6333,4583,259000,360,,Semiurban,Y
LP002138,Male,Yes,6,0,Graduate,No,2625,6250,187000,360,1,Rural,Y
LP002139,Male,Yes,6,0,Graduate,No,9083,0,228000,360,1,Semiurban,Y
LP002140,Male,No,6,0,Graduate,No,8750,4167,308000,360,1,Rural,N
LP002141,Male,Yes,6,3+,Graduate,No,2666,2083,95000,360,1,Rural,Y
LP002142,Female,Yes,6,0,Graduate,Yes,5500,0,105000,360,0,Rural,N
LP002143,Female,Yes,6,0,Graduate,No,2423,505,130000,360,1,Semiurban,Y
LP002144,Female,No,6,,Graduate,No,3813,0,116000,180,1,Urban,Y
LP002149,Male,Yes,6,2,Graduate,No,8333,3167,165000,360,1,Rural,Y
LP002151,Male,Yes,6,1,Graduate,No,3875,0,67000,360,1,Urban,N
LP002158,Male,Yes,6,0,Not Graduate,No,3000,1666,100000,480,0,Urban,N
LP002160,Male,Yes,6,3+,Graduate,No,5167,3167,200000,360,1,Semiurban,Y
LP002161,Female,No,6,1,Graduate,No,4723,0,81000,360,1,Semiurban,N
LP002170,Male,Yes,6,2,Graduate,No,5000,3667,236000,360,1,Semiurban,Y
LP002175,Male,Yes,6,0,Graduate,No,4750,2333,130000,360,1,Urban,Y
LP002178,Male,Yes,6,0,Graduate,No,3013,3033,95000,300,,Urban,Y
LP002180,Male,No,6,0,Graduate,Yes,6822,0,141000,360,1,Rural,Y
LP002181,Male,No,6,0,Not Graduate,No,6216,0,133000,360,1,Rural,N
LP002187,Male,No,6,0,Graduate,No,2500,0,96000,480,1,Semiurban,N
LP002188,Male,No,6,0,Graduate,No,5124,0,124000,,0,Rural,N
LP002190,Male,Yes,6,1,Graduate,No,6325,0,175000,360,1,Semiurban,Y
LP002191,Male,Yes,6,0,Graduate,No,19730,5266,570000,360,1,Rural,N
LP002194,Female,No,6,0,Graduate,Yes,15759,0,55000,360,1,Semiurban,Y
LP002197,Male,Yes,6,2,Graduate,No,5185,0,155000,360,1,Semiurban,Y
LP002201,Male,Yes,6,2,Graduate,Yes,9323,7873,380000,300,1,Rural,Y
LP002205,Male,No,6,1,Graduate,No,3062,1987,111000,180,0,Urban,N
LP002209,Female,No,6,0,Graduate,,2764,1459,110000,360,1,Urban,Y
LP002211,Male,Yes,6,0,Graduate,No,4817,923,120000,180,1,Urban,Y
LP002219,Male,Yes,6,3+,Graduate,No,8750,4996,130000,360,1,Rural,Y
LP002223,Male,Yes,6,0,Graduate,No,4310,0,130000,360,,Semiurban,Y
LP002224,Male,No,6,0,Graduate,No,3069,0,71000,480,1,Urban,N
LP002225,Male,Yes,6,2,Graduate,No,5391,0,130000,360,1,Urban,Y
LP002226,Male,Yes,6,0,Graduate,,3333,2500,128000,360,1,Semiurban,Y
LP002229,Male,No,6,0,Graduate,No,5941,4232,296000,360,1,Semiurban,Y
LP002231,Female,No,6,0,Graduate,No,6000,0,156000,360,1,Urban,Y
LP002234,Male,No,6,0,Graduate,Yes,7167,0,128000,360,1,Urban,Y
LP002236,Male,Yes,6,2,Graduate,No,4566,0,100000,360,1,Urban,N
LP002237,Male,No,6,1,Graduate,,3667,0,113000,180,1,Urban,Y
LP002239,Male,No,6,0,Not Graduate,No,2346,1600,132000,360,1,Semiurban,Y
LP002243,Male,Yes,6,0,Not Graduate,No,3010,3136,,360,0,Urban,N
LP002244,Male,Yes,6,0,Graduate,No,2333,2417,136000,360,1,Urban,Y
LP002250,Male,Yes,6,0,Graduate,No,5488,0,125000,360,1,Rural,Y
LP002255,Male,No,6,3+,Graduate,No,9167,0,185000,360,1,Rural,Y
LP002262,Male,Yes,6,3+,Graduate,No,9504,0,275000,360,1,Rural,Y
LP002263,Male,Yes,6,0,Graduate,No,2583,2115,120000,360,,Urban,Y
LP002265,Male,Yes,6,2,Not Graduate,No,1993,1625,113000,180,1,Semiurban,Y
LP002266,Male,Yes,6,2,Graduate,No,3100,1400,113000,360,1,Urban,Y
LP002272,Male,Yes,6,2,Graduate,No,3276,484,135000,360,,Semiurban,Y
LP002277,Female,No,6,0,Graduate,No,3180,0,71000,360,0,Urban,N
LP002281,Male,Yes,6,0,Graduate,No,3033,1459,95000,360,1,Urban,Y
LP002284,Male,No,6,0,Not Graduate,No,3902,1666,109000,360,1,Rural,Y
LP002287,Female,No,6,0,Graduate,No,1500,1800,103000,360,0,Semiurban,N
LP002288,Male,Yes,6,2,Not Graduate,No,2889,0,45000,180,0,Urban,N
LP002296,Male,No,6,0,Not Graduate,No,2755,0,65000,300,1,Rural,N
LP002297,Male,No,6,0,Graduate,No,2500,20000,103000,360,1,Semiurban,Y
LP002300,Female,No,6,0,Not Graduate,No,1963,0,53000,360,1,Semiurban,Y
LP002301,Female,No,6,0,Graduate,Yes,7441,0,194000,360,1,Rural,N
LP002305,Female,No,6,0,Graduate,No,4547,0,115000,360,1,Semiurban,Y
LP002308,Male,Yes,6,0,Not Graduate,No,2167,2400,115000,360,1,Urban,Y
LP002314,Female,No,6,0,Not Graduate,No,2213,0,66000,360,1,Rural,Y
LP002315,Male,Yes,6,1,Graduate,No,8300,0,152000,300,0,Semiurban,N
LP002317,Male,Yes,6,3+,Graduate,No,81000,0,360000,360,0,Rural,N
LP002318,Female,No,6,1,Not Graduate,Yes,3867,0,62000,360,1,Semiurban,N
LP002319,Male,Yes,6,0,Graduate,,6256,0,160000,360,,Urban,Y
LP002328,Male,Yes,6,0,Not Graduate,No,6096,0,218000,360,0,Rural,N
LP002332,Male,Yes,6,0,Not Graduate,No,2253,2033,110000,360,1,Rural,Y
LP002335,Female,Yes,6,0,Not Graduate,No,2149,3237,178000,360,0,Semiurban,N
LP002337,Female,No,6,0,Graduate,No,2995,0,60000,360,1,Urban,Y
LP002341,Female,No,6,1,Graduate,No,2600,0,160000,360,1,Urban,N
LP002342,Male,Yes,6,2,Graduate,Yes,1600,20000,239000,360,1,Urban,N
LP002345,Male,Yes,6,0,Graduate,No,1025,2773,112000,360,1,Rural,Y
LP002347,Male,Yes,6,0,Graduate,No,3246,1417,138000,360,1,Semiurban,Y
LP002348,Male,Yes,6,0,Graduate,No,5829,0,138000,360,1,Rural,Y
LP002357,Female,No,6,0,Not Graduate,No,2720,0,80000,,0,Urban,N
LP002361,Male,Yes,6,0,Graduate,No,1820,1719,100000,360,1,Urban,Y
LP002362,Male,Yes,6,1,Graduate,No,7250,1667,110000,,0,Urban,N
LP002364,Male,Yes,6,0,Graduate,No,14880,0,96000,360,1,Semiurban,Y
LP002366,Male,Yes,6,0,Graduate,No,2666,4300,121000,360,1,Rural,Y
LP002367,Female,No,6,1,Not Graduate,No,4606,0,81000,360,1,Rural,N
LP002368,Male,Yes,6,2,Graduate,No,5935,0,133000,360,1,Semiurban,Y
LP002369,Male,Yes,6,0,Graduate,No,2920,16.12000084,87000,360,1,Rural,Y
LP002370,Male,No,6,0,Not Graduate,No,2717,0,60000,180,1,Urban,Y
LP002377,Female,No,6,1,Graduate,Yes,8624,0,150000,360,1,Semiurban,Y
LP002379,Male,No,6,0,Graduate,No,6500,0,105000,360,0,Rural,N
LP002386,Male,No,6,0,Graduate,,12876,0,405000,360,1,Semiurban,Y
LP002387,Male,Yes,6,0,Graduate,No,2425,2340,143000,360,1,Semiurban,Y
LP002390,Male,No,6,0,Graduate,No,3750,0,100000,360,1,Urban,Y
LP002393,Female,,6,,Graduate,No,10047,0,,240,1,Semiurban,Y
LP002398,Male,No,6,0,Graduate,No,1926,1851,50000,360,1,Semiurban,Y
LP002401,Male,Yes,6,0,Graduate,No,2213,1125,,360,1,Urban,Y
LP002403,Male,No,6,0,Graduate,Yes,10416,0,187000,360,0,Urban,N
LP002407,Female,Yes,6,0,Not Graduate,Yes,7142,0,138000,360,1,Rural,Y
LP002408,Male,No,6,0,Graduate,No,3660,5064,187000,360,1,Semiurban,Y
LP002409,Male,Yes,6,0,Graduate,No,7901,1833,180000,360,1,Rural,Y
LP002418,Male,No,6,3+,Not Graduate,No,4707,1993,148000,360,1,Semiurban,Y
LP002422,Male,No,6,1,Graduate,No,37719,0,152000,360,1,Semiurban,Y
LP002424,Male,Yes,6,0,Graduate,No,7333,8333,175000,300,,Rural,Y
LP002429,Male,Yes,6,1,Graduate,Yes,3466,1210,130000,360,1,Rural,Y
LP002434,Male,Yes,6,2,Not Graduate,No,4652,0,110000,360,1,Rural,Y
LP002435,Male,Yes,6,0,Graduate,,3539,1376,55000,360,1,Rural,N
LP002443,Male,Yes,6,2,Graduate,No,3340,1710,150000,360,0,Rural,N
LP002444,Male,No,6,1,Not Graduate,Yes,2769,1542,190000,360,,Semiurban,N
LP002446,Male,Yes,6,2,Not Graduate,No,2309,1255,125000,360,0,Rural,N
LP002447,Male,Yes,6,2,Not Graduate,No,1958,1456,60000,300,,Urban,Y
LP002448,Male,Yes,6,0,Graduate,No,3948,1733,149000,360,0,Rural,N
LP002449,Male,Yes,6,0,Graduate,No,2483,2466,90000,180,0,Rural,Y
LP002453,Male,No,6,0,Graduate,Yes,7085,0,84000,360,1,Semiurban,Y
LP002455,Male,Yes,6,2,Graduate,No,3859,0,96000,360,1,Semiurban,Y
LP002459,Male,Yes,6,0,Graduate,No,4301,0,118000,360,1,Urban,Y
LP002467,Male,Yes,6,0,Graduate,No,3708,2569,173000,360,1,Urban,N
LP002472,Male,No,6,2,Graduate,No,4354,0,136000,360,1,Rural,Y
LP002473,Male,Yes,6,0,Graduate,No,8334,0,160000,360,1,Semiurban,N
LP002478,,Yes,6,0,Graduate,Yes,2083,4083,160000,360,,Semiurban,Y
LP002484,Male,Yes,6,3+,Graduate,No,7740,0,128000,180,1,Urban,Y
LP002487,Male,Yes,6,0,Graduate,No,3015,2188,153000,360,1,Rural,Y
LP002489,Female,No,6,1,Not Graduate,,5191,0,132000,360,1,Semiurban,Y
LP002493,Male,No,6,0,Graduate,No,4166,0,98000,360,0,Semiurban,N
LP002494,Male,No,6,0,Graduate,No,6000,0,140000,360,1,Rural,Y
LP002500,Male,Yes,6,3+,Not Graduate,No,2947,1664,70000,180,0,Urban,N
LP002501,,Yes,6,0,Graduate,No,16692,0,110000,360,1,Semiurban,Y
LP002502,Female,Yes,6,2,Not Graduate,,210,2917,98000,360,1,Semiurban,Y
LP002505,Male,Yes,6,0,Graduate,No,4333,2451,110000,360,1,Urban,N
LP002515,Male,Yes,6,1,Graduate,Yes,3450,2079,162000,360,1,Semiurban,Y
LP002517,Male,Yes,6,1,Not Graduate,No,2653,1500,113000,180,0,Rural,N
LP002519,Male,Yes,6,3+,Graduate,No,4691,0,100000,360,1,Semiurban,Y
LP002522,Female,No,6,0,Graduate,Yes,2500,0,93000,360,,Urban,Y
LP002524,Male,No,6,2,Graduate,No,5532,4648,162000,360,1,Rural,Y
LP002527,Male,Yes,6,2,Graduate,Yes,16525,1014,150000,360,1,Rural,Y
LP002529,Male,Yes,6,2,Graduate,No,6700,1750,230000,300,1,Semiurban,Y
LP002530,,Yes,6,2,Graduate,No,2873,1872,132000,360,0,Semiurban,N
LP002531,Male,Yes,6,1,Graduate,Yes,16667,2250,86000,360,1,Semiurban,Y
LP002533,Male,Yes,6,2,Graduate,No,2947,1603,,360,1,Urban,N
LP002534,Female,No,6,0,Not Graduate,No,4350,0,154000,360,1,Rural,Y
LP002536,Male,Yes,6,3+,Not Graduate,No,3095,0,113000,360,1,Rural,Y
LP002537,Male,Yes,6,0,Graduate,No,2083,3150,128000,360,1,Semiurban,Y
LP002541,Male,Yes,6,0,Graduate,No,10833,0,234000,360,1,Semiurban,Y
LP002543,Male,Yes,6,2,Graduate,No,8333,0,246000,360,1,Semiurban,Y
LP002544,Male,Yes,6,1,Not Graduate,No,1958,2436,131000,360,1,Rural,Y
LP002545,Male,No,6,2,Graduate,No,3547,0,80000,360,0,Rural,N
LP002547,Male,Yes,6,1,Graduate,No,18333,0,500000,360,1,Urban,N
LP002555,Male,Yes,6,2,Graduate,Yes,4583,2083,160000,360,1,Semiurban,Y
LP002556,Male,No,6,0,Graduate,No,2435,0,75000,360,1,Urban,N
LP002560,Male,No,6,0,Not Graduate,No,2699,2785,96000,360,,Semiurban,Y
LP002562,Male,Yes,6,1,Not Graduate,No,5333,1131,186000,360,,Urban,Y
LP002571,Male,No,6,0,Not Graduate,No,3691,0,110000,360,1,Rural,Y
LP002582,Female,No,6,0,Not Graduate,Yes,17263,0,225000,360,1,Semiurban,Y
LP002585,Male,Yes,6,0,Graduate,No,3597,2157,119000,360,0,Rural,N
LP002586,Female,Yes,6,1,Graduate,No,3326,913,105000,84,1,Semiurban,Y
LP002587,Male,Yes,6,0,Not Graduate,No,2600,1700,107000,360,1,Rural,Y
LP002588,Male,Yes,6,0,Graduate,No,4625,2857,111000,84,,Urban,Y
LP002600,Male,Yes,6,1,Graduate,Yes,2895,0,95000,360,1,Semiurban,Y
LP002602,Male,No,6,0,Graduate,No,6283,4416,209000,360,0,Rural,N
LP002603,Female,No,6,0,Graduate,No,645,3683,113000,480,1,Rural,Y
LP002606,Female,No,6,0,Graduate,No,3159,0,100000,360,1,Semiurban,Y
LP002615,Male,Yes,6,2,Graduate,No,4865,5624,208000,360,1,Semiurban,Y
LP002618,Male,Yes,6,1,Not Graduate,No,4050,5302,138000,360,,Rural,N
LP002619,Male,Yes,6,0,Not Graduate,No,3814,1483,124000,300,1,Semiurban,Y
LP002622,Male,Yes,6,2,Graduate,No,3510,4416,243000,360,1,Rural,Y
LP002624,Male,Yes,6,0,Graduate,No,20833,6667,480000,360,,Urban,Y
LP002625,,No,6,0,Graduate,No,3583,0,96000,360,1,Urban,N
LP002626,Male,Yes,6,0,Graduate,Yes,2479,3013,188000,360,1,Urban,Y
LP002634,Female,No,6,1,Graduate,No,13262,0,40000,360,1,Urban,Y
LP002637,Male,No,6,0,Not Graduate,No,3598,1287,100000,360,1,Rural,N
LP002640,Male,Yes,6,1,Graduate,No,6065,2004,250000,360,1,Semiurban,Y
LP002643,Male,Yes,6,2,Graduate,No,3283,2035,148000,360,1,Urban,Y
LP002648,Male,Yes,6,0,Graduate,No,2130,6666,70000,180,1,Semiurban,N
LP002652,Male,No,6,0,Graduate,No,5815,3666,311000,360,1,Rural,N
LP002659,Male,Yes,6,3+,Graduate,No,3466,3428,150000,360,1,Rural,Y
LP002670,Female,Yes,6,2,Graduate,No,2031,1632,113000,480,1,Semiurban,Y
LP002682,Male,Yes,6,,Not Graduate,No,3074,1800,123000,360,0,Semiurban,N
LP002683,Male,No,6,0,Graduate,No,4683,1915,185000,360,1,Semiurban,N
LP002684,Female,No,6,0,Not Graduate,No,3400,0,95000,360,1,Rural,N
LP002689,Male,Yes,6,2,Not Graduate,No,2192,1742,45000,360,1,Semiurban,Y
LP002690,Male,No,6,0,Graduate,No,2500,0,55000,360,1,Semiurban,Y
LP002692,Male,Yes,6,3+,Graduate,Yes,5677,1424,100000,360,1,Rural,Y
LP002693,Male,Yes,6,2,Graduate,Yes,7948,7166,480000,360,1,Rural,Y
LP002697,Male,No,6,0,Graduate,No,4680,2087,,360,1,Semiurban,N
LP002699,Male,Yes,6,2,Graduate,Yes,17500,0,400000,360,1,Rural,Y
LP002705,Male,Yes,6,0,Graduate,No,3775,0,110000,360,1,Semiurban,Y
LP002706,Male,Yes,6,1,Not Graduate,No,5285,1430,161000,360,0,Semiurban,Y
LP002714,Male,No,6,1,Not Graduate,No,2679,1302,94000,360,1,Semiurban,Y
LP002716,Male,No,6,0,Not Graduate,No,6783,0,130000,360,1,Semiurban,Y
LP002717,Male,Yes,6,0,Graduate,No,1025,5500,216000,360,,Rural,Y
LP002720,Male,Yes,6,3+,Graduate,No,4281,0,100000,360,1,Urban,Y
LP002723,Male,No,6,2,Graduate,No,3588,0,110000,360,0,Rural,N
LP002729,Male,No,6,1,Graduate,No,11250,0,196000,360,,Semiurban,N
LP002731,Female,No,6,0,Not Graduate,Yes,18165,0,125000,360,1,Urban,Y
LP002732,Male,No,6,0,Not Graduate,,2550,2042,126000,360,1,Rural,Y
LP002734,Male,Yes,6,0,Graduate,No,6133,3906,324000,360,1,Urban,Y
LP002738,Male,No,6,2,Graduate,No,3617,0,107000,360,1,Semiurban,Y
LP002739,Male,Yes,6,0,Not Graduate,No,2917,536,66000,360,1,Rural,N
LP002740,Male,Yes,6,3+,Graduate,No,6417,0,157000,180,1,Rural,Y
LP002741,Female,Yes,6,1,Graduate,No,4608,2845,140000,180,1,Semiurban,Y
LP002743,Female,No,6,0,Graduate,No,2138,0,99000,360,0,Semiurban,N
LP002753,Female,No,6,1,Graduate,,3652,0,95000,360,1,Semiurban,Y
LP002755,Male,Yes,6,1,Not Graduate,No,2239,2524,128000,360,1,Urban,Y
LP002757,Female,Yes,6,0,Not Graduate,No,3017,663,102000,360,,Semiurban,Y
LP002767,Male,Yes,6,0,Graduate,No,2768,1950,155000,360,1,Rural,Y
LP002768,Male,No,6,0,Not Graduate,No,3358,0,80000,36,1,Semiurban,N
LP002772,Male,No,6,0,Graduate,No,2526,1783,145000,360,1,Rural,Y
LP002776,Female,No,6,0,Graduate,No,5000,0,103000,360,0,Semiurban,N
LP002777,Male,Yes,6,0,Graduate,No,2785,2016,110000,360,1,Rural,Y
LP002778,Male,Yes,6,2,Graduate,Yes,6633,0,,360,0,Rural,N
LP002784,Male,Yes,6,1,Not Graduate,No,2492,2375,,360,1,Rural,Y
LP002785,Male,Yes,6,1,Graduate,No,3333,3250,158000,360,1,Urban,Y
LP002788,Male,Yes,6,0,Not Graduate,No,2454,2333,181000,360,0,Urban,N
LP002789,Male,Yes,6,0,Graduate,No,3593,4266,132000,180,0,Rural,N
LP002792,Male,Yes,6,1,Graduate,No,5468,1032,26000,360,1,Semiurban,Y
LP002794,Female,No,6,0,Graduate,No,2667,1625,84000,360,,Urban,Y
LP002795,Male,Yes,6,3+,Graduate,Yes,10139,0,260000,360,1,Semiurban,Y
LP002798,Male,Yes,6,0,Graduate,No,3887,2669,162000,360,1,Semiurban,Y
LP002804,Female,Yes,6,0,Graduate,No,4180,2306,182000,360,1,Semiurban,Y
LP002807,Male,Yes,6,2,Not Graduate,No,3675,242,108000,360,1,Semiurban,Y
LP002813,Female,Yes,6,1,Graduate,Yes,19484,0,600000,360,1,Semiurban,Y
LP002820,Male,Yes,6,0,Graduate,No,5923,2054,211000,360,1,Rural,Y
LP002821,Male,No,6,0,Not Graduate,Yes,5800,0,132000,360,1,Semiurban,Y
LP002832,Male,Yes,6,2,Graduate,No,8799,0,258000,360,0,Urban,N
LP002833,Male,Yes,6,0,Not Graduate,No,4467,0,120000,360,,Rural,Y
LP002836,Male,No,6,0,Graduate,No,3333,0,70000,360,1,Urban,Y
LP002837,Male,Yes,6,3+,Graduate,No,3400,2500,123000,360,0,Rural,N
LP002840,Female,No,6,0,Graduate,No,2378,0,9000,360,1,Urban,N
LP002841,Male,Yes,6,0,Graduate,No,3166,2064,104000,360,0,Urban,N
LP002842,Male,Yes,6,1,Graduate,No,3417,1750,186000,360,1,Urban,Y
LP002847,Male,Yes,6,,Graduate,No,5116,1451,165000,360,0,Urban,N
LP002855,Male,Yes,6,2,Graduate,No,16666,0,275000,360,1,Urban,Y
LP002862,Male,Yes,6,2,Not Graduate,No,6125,1625,187000,480,1,Semiurban,N
LP002863,Male,Yes,6,3+,Graduate,No,6406,0,150000,360,1,Semiurban,N
LP002868,Male,Yes,6,2,Graduate,No,3159,461,108000,84,1,Urban,Y
LP002872,,Yes,6,0,Graduate,No,3087,2210,136000,360,0,Semiurban,N
LP002874,Male,No,6,0,Graduate,No,3229,2739,110000,360,1,Urban,Y
LP002877,Male,Yes,6,1,Graduate,No,1782,2232,107000,360,1,Rural,Y
LP002888,Male,No,6,0,Graduate,,3182,2917,161000,360,1,Urban,Y
LP002892,Male,Yes,6,2,Graduate,No,6540,0,205000,360,1,Semiurban,Y
LP002893,Male,No,6,0,Graduate,No,1836,33837,90000,360,1,Urban,N
LP002894,Female,Yes,6,0,Graduate,No,3166,0,36000,360,1,Semiurban,Y
LP002898,Male,Yes,6,1,Graduate,No,1880,0,61000,360,,Rural,N
LP002911,Male,Yes,6,1,Graduate,No,2787,1917,146000,360,0,Rural,N
LP002912,Male,Yes,6,1,Graduate,No,4283,3000,172000,84,1,Rural,N
LP002916,Male,Yes,6,0,Graduate,No,2297,1522,104000,360,1,Urban,Y
LP002917,Female,No,6,0,Not Graduate,No,2165,0,70000,360,1,Semiurban,Y
LP002925,,No,6,0,Graduate,No,4750,0,94000,360,1,Semiurban,Y
LP002926,Male,Yes,6,2,Graduate,Yes,2726,0,106000,360,0,Semiurban,N
LP002928,Male,Yes,6,0,Graduate,No,3000,3416,56000,180,1,Semiurban,Y
LP002931,Male,Yes,6,2,Graduate,Yes,6000,0,205000,240,1,Semiurban,N
LP002933,,No,6,3+,Graduate,Yes,9357,0,292000,360,1,Semiurban,Y
LP002936,Male,Yes,6,0,Graduate,No,3859,3300,142000,180,1,Rural,Y
LP002938,Male,Yes,6,0,Graduate,Yes,16120,0,260000,360,1,Urban,Y
LP002940,Male,No,6,0,Not Graduate,No,3833,0,110000,360,1,Rural,Y
LP002941,Male,Yes,6,2,Not Graduate,Yes,6383,1000,187000,360,1,Rural,N
LP002943,Male,No,6,,Graduate,No,2987,0,88000,360,0,Semiurban,N
LP002945,Male,Yes,6,0,Graduate,Yes,9963,0,180000,360,1,Rural,Y
LP002948,Male,Yes,6,2,Graduate,No,5780,0,192000,360,1,Urban,Y
LP002949,Female,No,6,3+,Graduate,,416,41667,350000,180,,Urban,N
LP002950,Male,Yes,6,0,Not Graduate,,2894,2792,155000,360,1,Rural,Y
LP002953,Male,Yes,6,3+,Graduate,No,5703,0,128000,360,1,Urban,Y
LP002958,Male,No,6,0,Graduate,No,3676,4301,172000,360,1,Rural,Y
LP002959,Female,Yes,6,1,Graduate,No,12000,0,496000,360,1,Semiurban,Y
LP002960,Male,Yes,6,0,Not Graduate,No,2400,3800,,180,1,Urban,N
LP002961,Male,Yes,6,1,Graduate,No,3400,2500,173000,360,1,Semiurban,Y
LP002964,Male,Yes,6,2,Not Graduate,No,3987,1411,157000,360,1,Rural,Y
LP002974,Male,Yes,6,0,Graduate,No,3232,1950,108000,360,1,Rural,Y
LP002978,Female,No,6,0,Graduate,No,2900,0,71000,360,1,Rural,Y
LP002979,Male,Yes,6,3+,Graduate,No,4106,0,40000,180,1,Rural,Y
LP002983,Male,Yes,6,1,Graduate,No,8072,240,253000,360,1,Urban,Y
LP002984,Male,Yes,6,2,Graduate,No,7583,0,187000,360,1,Urban,Y
LP002990,Female,No,6,0,Graduate,Yes,4583,0,133000,360,0,Semiurban,N
LP003000,Male,Yes,6,1,Not Graduate,Yes,11000,0,83000,360,1,Urban,N
LP003001,Male,No,6,2,Graduate,No,2600,2500,90000,360,1,Rural,Y
LP003002,Male,Yes,6,2,Not Graduate,No,4923,0,166000,360,0,Rural,Y
LP003003,Male,No,6,3+,Graduate,No,3992,0,,180,1,Urban,N
LP003004,Male,No,6,2,Graduate,No,3500,1083,135000,360,1,Urban,Y
LP003005,Male,No,6,2,Graduate,No,3917,0,124000,360,1,Rural,Y
LP003006,Female,Yes,6,1,Graduate,No,4408,0,120000,360,1,Rural,Y
LP003007,Female,Yes,6,1,Not Graduate,No,3244,0,80000,360,1,Urban,Y
LP003008,Male,Yes,6,1,Graduate,No,3975,2531,55000,360,1,Semiurban,Y
LP003009,Male,Yes,6,1,Not Graduate,No,2479,0,59000,360,1,Urban,Y
LP003010,Male,Yes,6,1,Not Graduate,No,3418,0,127000,360,1,Rural,N
LP003011,Female,Yes,6,1,Not Graduate,No,10000,0,214000,360,1,Rural,N
LP003012,Male,No,6,3+,Not Graduate,No,3430,1250,128000,360,0,Rural,N
LP003013,Male,No,6,2,Not Graduate,Yes,7787,0,240000,360,1,Urban,Y
LP003014,Male,No,6,3+,Graduate,Yes,5703,0,130000,360,1,Semiurban,Y
LP003015,Male,No,6,1,Not Graduate,No,3173,3021,137000,360,1,Urban,Y
LP003016,Male,No,6,3+,Graduate,No,3850,983,100000,360,1,Rural,Y
LP003017,Male,No,6,1,Not Graduate,No,150,1800,135000,360,1,Semiurban,N
LP003018,Male,No,6,1,Not Graduate,No,3727,1775,131000,360,1,Rural,Y
LP003019,Male,No,6,2,Not Graduate,,5000,0,72000,360,0,Rural,N
LP003020,Female,No,6,2,Not Graduate,No,4283,2383,127000,360,,Rural,Y
LP003021,Male,No,6,1,Not Graduate,No,2221,0,60000,360,0,Urban,N
LP003022,Male,No,6,2,Not Graduate,No,4009,1717,116000,360,1,Rural,Y
LP003023,Male,Yes,6,1,Not Graduate,No,2971,2791,144000,360,1,Rural,Y
LP003024,Male,No,6,1,Not Graduate,No,7578,1010,175000,,1,Rural,Y
LP003025,Male,No,6,1,Not Graduate,No,6250,0,128000,360,1,Rural,Y
LP003026,Male,No,6,1,Not Graduate,No,3250,0,170000,360,1,Semiurban,N
LP003027,Male,No,6,1,Graduate,Yes,4735,0,138000,360,1,Urban,N
LP003028,Male,No,6,2,Not Graduate,No,6250,1695,210000,360,1,Rural,Y
LP003029,Male,0,6,1,Not Graduate,No,4758,0,158000,480,1,Rural,Y
LP003030,Male,Yes,6,1,Not Graduate,Yes,6400,0,200000,360,1,Semiurban,Y
LP003031,Male,No,6,2,Not Graduate,No,2491,2054,104000,360,1,Rural,Y
LP003032,Male,No,6,1,Not Graduate,,3716,0,42000,180,1,Semiurban,Y
LP003033,Male,Yes,6,1,Graduate,No,3189,2598,120000,,1,Semiurban,Y
LP003034,Female,Yes,6,1,Not Graduate,No,8333,0,280000,360,1,Rural,Y
LP003035,Male,No,6,2,Not Graduate,No,3155,1779,140000,360,1,Rural,Y
LP003036,Male,No,6,2,Not Graduate,No,5500,1260,170000,360,1,Semiurban,Y
LP003037,Male,No,6,1,Not Graduate,,5746,0,255000,360,,Urban,N
LP003038,Female,Yes,6,1,Not Graduate,Yes,3463,0,122000,360,,Urban,Y
LP003039,Female,Yes,6,2,Not Graduate,No,3812,0,112000,360,1,Semiurban,Y
LP003040,Male,No,6,2,Not Graduate,No,3315,0,96000,360,1,Rural,Y
LP003041,Male,No,6,2,Not Graduate,No,5819,5000,120000,360,1,Semiurban,Y
LP003042,Male,No,6,2,Graduate,No,2510,1983,140000,180,1,Urban,N
LP003043,Male,Yes,6,1,Not Graduate,No,2965,5701,155000,60,1,Urban,Y
LP003044,Male,No,6,2,Not Graduate,Yes,6250,1300,108000,360,1,Semiurban,Y
LP003045,Male,No,6,1,Graduate,No,3406,4417,123000,360,1,Rural,Y
LP003046,Male,Yes,6,1,Not Graduate,Yes,6050,4333,120000,180,1,Urban,N
LP003047,Male,No,6,2,Not Graduate,No,9703,0,112000,360,1,Urban,Y
LP003048,Male,No,6,2,Graduate,No,6608,0,137000,180,1,Urban,Y
LP003049,Male,No,6,2,Not Graduate,No,2882,1843,123000,480,1,Rural,Y
LP003050,Male,No,6,1,Not Graduate,No,1809,1868,90000,360,1,Urban,Y
LP003051,Male,No,6,1,Graduate,No,1668,3890,201000,360,0,Rural,N
LP003052,Female,Yes,6,2,Not Graduate,No,3427,0,138000,360,1,Urban,N
LP003053,Male,Yes,6,1,Graduate,Yes,2583,2167,104000,360,1,Semiurban,Y
LP003054,Male,No,6,2,Graduate,No,2661,7101,279000,180,1,Rural,Y
LP003055,Male,Yes,6,1,Not Graduate,Yes,16250,0,192000,360,0,Urban,N
LP003056,Female,Yes,6,3+,Not Graduate,No,3083,0,255000,360,1,Semiurban,Y
LP003057,Male,Yes,6,1,Graduate,No,6045,0,115000,360,0,Semiurban,N
LP003058,Male,No,6,3+,Not Graduate,No,5250,0,94000,360,1,Urban,N
LP003059,Male,No,6,1,Not Graduate,No,14683,2100,304000,360,1,Semiurban,N
LP003060,Male,No,6,3+,Graduate,No,4931,0,128000,360,,Rural,N
LP003061,Male,No,6,2,Not Graduate,No,6083,4250,330000,360,,Urban,Y
LP003062,Male,Yes,6,1,Not Graduate,No,2060,2209,134000,360,1,Rural,Y
LP003063,Female,Yes,6,2,Not Graduate,No,3481,0,155000,36,1,Rural,N
LP003064,Female,Yes,6,1,Not Graduate,No,7200,0,120000,360,1,Semiurban,Y
LP003065,Male,Yes,6,1,Not Graduate,Yes,5166,0,128000,360,1,Rural,Y
LP003066,Male,Yes,6,1,Not Graduate,No,4095,3447,151000,360,1,Semiurban,Y
LP003067,Male,No,6,2,Not Graduate,No,4708,1387,150000,360,1,Rural,Y
LP003068,Male,No,6,3+,Not Graduate,No,4333,1811,160000,360,0,Urban,Y
LP003069,Female,Yes,6,1,Not Graduate,,3418,0,135000,360,1,Semiurban,N
LP003070,Female,Yes,6,2,Not Graduate,No,2876,1560,90000,360,1,Urban,Y
LP003071,Female,Yes,6,1,Not Graduate,No,3237,0,30000,360,1,Urban,Y
LP003072,Male,No,6,1,Not Graduate,No,11146,0,136000,360,1,Urban,Y
LP003073,Male,Yes,6,1,Not Graduate,No,2833,1857,126000,360,1,Semiurban,Y
LP003074,Male,No,6,1,Not Graduate,No,2620,2223,150000,360,1,Rural,Y
LP003075,Male,No,6,2,Not Graduate,No,3900,0,90000,360,1,Rural,Y
LP003076,Male,No,6,2,Not Graduate,No,2750,1842,115000,360,1,Rural,Y
LP003077,Male,No,6,1,Not Graduate,No,3993,3274,207000,360,1,Rural,Y
LP003078,Male,No,6,1,Not Graduate,No,3103,1300,80000,360,1,Urban,Y
LP003079,Male,No,6,1,Not Graduate,No,14583,0,436000,360,1,Rural,Y
LP003080,Female,No,6,1,Graduate,No,4100,0,124000,360,,Semiurban,Y
LP003081,Male,Yes,6,2,Graduate,Yes,4053,2426,158000,360,0,Urban,N
LP003082,Male,No,6,1,Not Graduate,No,3927,800,112000,360,1,Rural,Y
LP003083,Male,No,6,2,Not Graduate,No,2301,985.7999878,78000,180,1,Urban,Y
LP003084,Female,Yes,6,1,Not Graduate,No,1811,1666,54000,360,1,Urban,Y
LP003085,Male,No,6,1,Not Graduate,No,20667,0,,360,1,Semiurban,N
LP003086,Male,Yes,6,1,Not Graduate,No,3158,3053,89000,360,1,Semiurban,Y
LP003087,Female,Yes,6,1,Not Graduate,Yes,2600,1717,99000,300,1,Rural,N
LP003088,Male,No,6,1,Not Graduate,No,3704,2000,120000,360,1,Semiurban,Y
LP003089,Female,Yes,6,1,Not Graduate,No,4124,0,115000,360,1,Rural,Y
LP003090,Male,Yes,6,1,Not Graduate,No,9508,0,187000,360,1,Semiurban,Y
LP003091,Male,No,6,1,Not Graduate,No,3075,2416,139000,360,1,Semiurban,Y
LP003092,Male,No,6,2,Not Graduate,No,4400,0,127000,360,0,Rural,N
LP003093,Male,No,6,2,Not Graduate,No,3153,1560,134000,360,1,Urban,Y
LP003094,Female,Yes,6,1,Not Graduate,No,5417,0,143000,480,0,Urban,N
LP003095,Male,No,6,1,Not Graduate,No,2383,3334,172000,360,1,Rural,Y
LP003096,Male,No,6,3+,Not Graduate,,4416,1250,110000,360,1,Urban,Y
LP003097,Male,No,6,2,Not Graduate,No,6875,0,200000,360,1,Rural,Y
LP003098,Female,No,6,2,Not Graduate,No,4666,0,135000,360,1,Urban,Y
LP003099,Female,Yes,6,1,Not Graduate,No,5000,2541,151000,480,1,Semiurban,N
LP003100,Male,No,6,2,Not Graduate,No,2014,2925,113000,360,1,Urban,N
LP003101,Male,No,6,1,Graduate,No,1800,2934,93000,360,0,Urban,N
LP003102,Male,No,6,1,Graduate,No,2875,1750,105000,360,1,Rural,Y
LP003103,Female,Yes,6,1,Not Graduate,No,5000,0,132000,360,1,Semiurban,Y
LP003104,Male,No,6,2,Not Graduate,No,1625,1803,96000,360,1,Urban,Y
LP003105,Male,Yes,6,1,Not Graduate,No,4000,2500,140000,360,1,Semiurban,Y
LP003106,Male,Yes,6,1,Graduate,No,2000,0,,360,1,Urban,N
LP003107,Female,Yes,6,1,Not Graduate,No,3762,1666,135000,360,1,Semiurban,Y
LP003108,Female,Yes,6,1,Not Graduate,No,2400,1863,104000,360,0,Urban,N
LP003109,Male,Yes,6,1,Not Graduate,No,20233,0,480000,360,1,Semiurban,N
LP003110,Male,No,6,2,Graduate,No,7667,0,185000,360,,Semiurban,Y
LP003111,Female,Yes,6,1,Not Graduate,No,2917,0,84000,360,1,Rural,Y
LP003112,Male,Yes,6,1,Graduate,No,2927,2405,111000,360,1,Rural,Y
LP003113,Female,Yes,6,1,Not Graduate,No,2507,0,56000,360,1,Semiurban,Y
LP003114,Male,No,6,2,Not Graduate,Yes,5746,0,144000,84,,Semiurban,Y
LP003115,,No,6,1,Not Graduate,No,2473,1843,159000,360,1,Semiurban,N
LP003116,Male,No,6,2,Graduate,No,3399,1640,111000,180,1,Urban,Y
LP003117,Male,No,6,2,Not Graduate,No,3717,0,120000,360,1,Rural,Y
LP003118,Male,No,6,1,Not Graduate,No,2058,2134,88000,360,,Urban,Y
LP003119,Female,Yes,6,2,Not Graduate,No,3541,0,112000,360,,Rural,Y
LP003120,Male,No,6,2,Not Graduate,Yes,10000,0,155000,360,1,Semiurban,N
LP003121,Male,No,6,1,Not Graduate,No,2400,2167,115000,360,1,Rural,Y
LP003122,Male,No,6,3+,Not Graduate,No,4342,189,124000,360,1,Rural,Y
LP003123,Male,No,6,2,Graduate,No,3601,1590,,360,1,Semiurban,Y
LP003124,Female,Yes,6,1,Not Graduate,No,3166,2985,132000,360,,Semiurban,Y
LP003125,Male,No,6,3+,Not Graduate,No,15000,0,300000,360,1,Semiurban,Y
LP003126,Male,No,6,2,Not Graduate,Yes,8666,4983,376000,360,0,Semiurban,N
LP003127,Male,Yes,6,1,Not Graduate,No,4917,0,130000,360,0,Semiurban,Y
LP003128,Male,No,6,1,Not Graduate,Yes,5818,2160,184000,360,1,Rural,Y
LP003129,Female,No,6,1,Not Graduate,No,4333,2451,110000,360,1,Urban,N
LP003130,Female,Yes,6,1,Not Graduate,No,2500,0,67000,360,1,Urban,Y
LP003131,Male,Yes,6,2,Not Graduate,No,4384,1793,117000,360,1,Urban,Y
LP003132,Male,Yes,6,1,Not Graduate,No,2935,0,98000,360,1,Rural,Y
LP003133,Male,Yes,6,1,Not Graduate,No,2833,0,71000,360,1,Urban,Y
LP003134,Male,No,6,1,Not Graduate,,63337,0,490000,180,1,Urban,Y
LP003135,,No,6,2,Not Graduate,Yes,9833,1833,182000,180,1,Urban,Y
LP003136,Male,No,6,1,Not Graduate,Yes,5503,4490,70000,,1,Rural,Y
LP003137,Male,No,6,2,Not Graduate,,5250,688,160000,360,1,Semiurban,Y
LP003138,Male,No,6,2,Not Graduate,Yes,2500,4600,176000,360,1,Semiurban,Y
LP003139,Female,Yes,6,3+,Graduate,No,1830,0,,360,0,Urban,N
LP003140,Female,Yes,6,1,Not Graduate,No,4160,0,71000,360,1,Rural,Y
LP003141,Male,No,6,3+,Graduate,No,2647,1587,173000,360,1,Semiurban,N
LP003142,Female,Yes,6,1,Not Graduate,No,2378,0,46000,360,1,Semiurban,N
LP003143,Male,No,6,2,Graduate,No,4554,1229,158000,360,1,Urban,Y
LP003144,Male,No,6,3+,Graduate,No,3173,0,74000,360,1,Rural,Y
LP003145,Male,No,6,2,Not Graduate,,2583,2330,125000,360,1,Semiurban,Y
LP003146,Male,No,6,1,Not Graduate,No,2499,2458,160000,360,1,Rural,Y
LP003147,Male,No,6,1,Graduate,No,3523,3230,152000,360,0,Semiurban,N
LP003148,Male,No,6,2,Graduate,No,3083,2168,126000,360,1,Urban,Y
LP003149,Male,No,6,1,Not Graduate,No,6333,4583,259000,360,,Rural,Y
LP003150,Male,No,6,1,Not Graduate,No,2625,6250,187000,360,1,Semiurban,Y
LP003151,Male,No,6,1,Not Graduate,No,9083,0,228000,360,1,Rural,Y
LP003152,Male,Yes,6,1,Not Graduate,No,8750,4167,308000,360,1,Semiurban,N
LP003153,Male,No,6,3+,Not Graduate,No,2666,2083,95000,360,1,Semiurban,Y
LP003154,Female,No,6,1,Not Graduate,Yes,5500,0,105000,360,0,Semiurban,N
LP003155,Female,No,6,1,Not Graduate,No,2423,505,130000,360,1,Rural,Y
LP003156,Female,Yes,6,1,Not Graduate,No,3813,0,116000,180,1,Urban,Y
LP003157,Male,No,6,2,Not Graduate,No,8333,3167,165000,360,1,Semiurban,Y
LP003158,Male,No,6,2,Not Graduate,No,3875,0,67000,360,1,Urban,N
LP003159,Male,No,6,1,Graduate,No,3000,1666,100000,480,0,Urban,N
LP003160,Male,No,6,3+,Not Graduate,No,5167,3167,200000,360,1,Rural,Y
LP003161,Female,Yes,6,2,Not Graduate,No,4723,0,81000,360,1,Rural,N
LP003162,Male,No,6,2,Not Graduate,No,5000,3667,236000,360,1,Rural,Y
LP003163,Male,No,6,1,Not Graduate,No,4750,2333,130000,360,1,Urban,Y
LP003164,Male,No,6,1,Not Graduate,No,3013,3033,95000,300,,Urban,Y
LP003165,Male,Yes,6,1,Not Graduate,Yes,6822,0,141000,360,1,Semiurban,Y
LP003166,Male,Yes,6,1,Graduate,No,6216,0,133000,360,1,Semiurban,N
LP003167,Male,Yes,6,1,Not Graduate,No,2500,0,96000,480,1,Rural,N
LP003168,Male,Yes,6,1,Not Graduate,No,5124,0,124000,,0,Semiurban,N
LP003169,Male,No,6,2,Not Graduate,No,6325,0,175000,360,1,Rural,Y
LP003170,Male,No,6,1,Not Graduate,No,19730,5266,570000,360,1,Semiurban,N
LP003171,Female,Yes,6,1,Not Graduate,Yes,15759,0,55000,360,1,Rural,Y
LP003172,Male,No,6,2,Not Graduate,No,5185,0,155000,360,1,Rural,Y
LP003173,Male,No,6,2,Not Graduate,Yes,9323,7873,380000,300,1,Semiurban,Y
LP003174,Male,Yes,6,2,Not Graduate,No,3062,1987,111000,180,0,Urban,N
LP003175,Female,Yes,6,1,Not Graduate,,2764,1459,110000,360,1,Urban,Y
LP003176,Male,No,6,1,Not Graduate,No,4817,923,120000,180,1,Urban,Y
LP003177,Male,No,6,3+,Not Graduate,No,8750,4996,130000,360,1,Semiurban,Y
LP003178,Male,No,6,1,Not Graduate,No,4310,0,130000,360,,Rural,Y
LP003179,Male,Yes,6,1,Not Graduate,No,3069,0,71000,480,1,Urban,N
LP003180,Male,No,6,2,Not Graduate,No,5391,0,130000,360,1,Urban,Y
LP003181,Male,No,6,1,Not Graduate,,3333,2500,128000,360,1,Rural,Y
LP003182,Male,Yes,6,1,Not Graduate,No,5941,4232,296000,360,1,Rural,Y
LP003183,Female,Yes,6,1,Not Graduate,No,6000,0,156000,360,1,Urban,Y
LP003184,Male,Yes,6,1,Not Graduate,Yes,7167,0,128000,360,1,Urban,Y
LP003185,Male,No,6,2,Not Graduate,No,4566,0,100000,360,1,Urban,N
LP003186,Male,Yes,6,2,Not Graduate,,3667,0,113000,180,1,Urban,Y
LP003187,Male,Yes,6,1,Graduate,No,2346,1600,132000,360,1,Rural,Y
LP003188,Male,No,6,1,Graduate,No,3010,3136,,360,0,Urban,N
LP003189,Male,No,6,1,Not Graduate,No,2333,2417,136000,360,1,Urban,Y
LP003190,Male,No,6,1,Not Graduate,No,5488,0,125000,360,1,Semiurban,Y
LP003191,Male,Yes,6,3+,Not Graduate,No,9167,0,185000,360,1,Semiurban,Y
LP003192,Male,No,6,3+,Not Graduate,No,9504,0,275000,360,1,Semiurban,Y
LP003193,Male,No,6,1,Not Graduate,No,2583,2115,120000,360,,Urban,Y
LP003194,Male,No,6,2,Graduate,No,1993,1625,113000,180,1,Rural,Y
LP003195,Male,No,6,2,Not Graduate,No,3100,1400,113000,360,1,Urban,Y
LP003196,Male,No,6,2,Not Graduate,No,3276,484,135000,360,,Rural,Y
LP003197,Female,Yes,6,1,Not Graduate,No,3180,0,71000,360,0,Urban,N
LP003198,Male,No,6,1,Not Graduate,No,3033,1459,95000,360,1,Urban,Y
LP003199,Male,Yes,6,1,Graduate,No,3902,1666,109000,360,1,Semiurban,Y
LP003200,Female,Yes,6,1,Not Graduate,No,1500,1800,103000,360,0,Rural,N
LP003201,Male,No,6,2,Graduate,No,2889,0,45000,180,0,Urban,N
LP003202,Male,Yes,6,1,Graduate,No,2755,0,65000,300,1,Semiurban,N
LP003203,Male,Yes,6,1,Not Graduate,No,2500,20000,103000,360,1,Rural,Y
LP003204,Female,Yes,6,1,Graduate,No,1963,0,53000,360,1,Rural,Y
LP003205,Female,Yes,6,1,Not Graduate,Yes,7441,0,194000,360,1,Semiurban,N
LP003206,Female,Yes,6,1,Not Graduate,No,4547,0,115000,360,1,Rural,Y
LP003207,Male,No,6,1,Graduate,No,2167,2400,115000,360,1,Urban,Y
LP003208,Female,Yes,6,1,Graduate,No,2213,0,66000,360,1,Semiurban,Y
LP003209,Male,No,6,2,Not Graduate,No,8300,0,152000,300,0,Rural,N
LP003210,Male,No,6,3+,Not Graduate,No,81000,0,360000,360,0,Semiurban,N
LP003211,Female,Yes,6,2,Graduate,Yes,3867,0,62000,360,1,Rural,N
LP003212,Male,No,6,1,Not Graduate,,6256,0,160000,360,,Urban,Y
LP003213,Male,No,6,1,Graduate,No,6096,0,218000,360,0,Semiurban,N
LP003214,Male,No,6,1,Graduate,No,2253,2033,110000,360,1,Semiurban,Y
LP003215,Female,No,6,1,Graduate,No,2149,3237,178000,360,0,Rural,N
LP003216,Female,Yes,6,1,Not Graduate,No,2995,0,60000,360,1,Urban,Y
LP003217,Female,Yes,6,2,Not Graduate,No,2600,0,160000,360,1,Urban,N
LP003218,Male,No,6,2,Not Graduate,Yes,1600,20000,239000,360,1,Urban,N
LP003219,Male,No,6,1,Not Graduate,No,1025,2773,112000,360,1,Semiurban,Y
LP003220,Male,No,6,1,Not Graduate,No,3246,1417,138000,360,1,Rural,Y
LP003221,Male,No,6,1,Not Graduate,No,5829,0,138000,360,1,Semiurban,Y
LP003222,Female,Yes,6,1,Graduate,No,2720,0,80000,,0,Urban,N
LP003223,Male,No,6,1,Not Graduate,No,1820,1719,100000,360,1,Urban,Y
LP003224,Male,No,6,2,Not Graduate,No,7250,1667,110000,,0,Urban,N
LP003225,Male,No,6,1,Not Graduate,No,14880,0,96000,360,1,Rural,Y
LP003226,Male,No,6,1,Not Graduate,No,2666,4300,121000,360,1,Semiurban,Y
LP003227,Female,Yes,6,2,Graduate,No,4606,0,81000,360,1,Semiurban,N
LP003228,Male,No,6,2,Not Graduate,No,5935,0,133000,360,1,Rural,Y
LP003229,Male,No,6,1,Not Graduate,No,2920,16.12000084,87000,360,1,Semiurban,Y
LP003230,Male,Yes,6,1,Graduate,No,2717,0,60000,180,1,Urban,Y
LP003231,Female,Yes,6,2,Not Graduate,Yes,8624,0,150000,360,1,Rural,Y
LP003232,Male,Yes,6,1,Not Graduate,No,6500,0,105000,360,0,Semiurban,N
LP003233,Male,Yes,6,1,Not Graduate,,12876,0,405000,360,1,Rural,Y
LP003234,Male,No,6,1,Not Graduate,No,2425,2340,143000,360,1,Rural,Y
LP003235,Male,Yes,6,1,Not Graduate,No,3750,0,100000,360,1,Urban,Y
LP003236,Female,0,6,1,Not Graduate,No,10047,0,,240,1,Rural,Y
LP003237,Male,Yes,6,1,Not Graduate,No,1926,1851,50000,360,1,Rural,Y
LP003238,Male,No,6,1,Not Graduate,No,2213,1125,,360,1,Urban,Y
LP003239,Male,Yes,6,1,Not Graduate,Yes,10416,0,187000,360,0,Urban,N
LP003240,Female,No,6,1,Graduate,Yes,7142,0,138000,360,1,Semiurban,Y
LP003241,Male,Yes,6,1,Not Graduate,No,3660,5064,187000,360,1,Rural,Y
LP003242,Male,No,6,1,Not Graduate,No,7901,1833,180000,360,1,Semiurban,Y
LP003243,Male,Yes,6,3+,Graduate,No,4707,1993,148000,360,1,Rural,Y
LP003244,Male,Yes,6,2,Not Graduate,No,37719,0,152000,360,1,Rural,Y
LP003245,Male,No,6,1,Not Graduate,No,7333,8333,175000,300,,Semiurban,Y
LP003246,Male,No,6,2,Not Graduate,Yes,3466,1210,130000,360,1,Semiurban,Y
LP003247,Male,No,6,2,Graduate,No,4652,0,110000,360,1,Semiurban,Y
LP003248,Male,No,6,1,Not Graduate,,3539,1376,55000,360,1,Semiurban,N
LP003249,Male,No,6,2,Not Graduate,No,3340,1710,150000,360,0,Semiurban,N
LP003250,Male,Yes,6,2,Graduate,Yes,2769,1542,190000,360,,Rural,N
LP003251,Male,No,6,2,Graduate,No,2309,1255,125000,360,0,Semiurban,N
LP003252,Male,No,6,2,Graduate,No,1958,1456,60000,300,,Urban,Y
LP003253,Male,No,6,1,Not Graduate,No,3948,1733,149000,360,0,Semiurban,N
LP003254,Male,No,6,1,Not Graduate,No,2483,2466,90000,180,0,Semiurban,Y
LP003255,Male,Yes,6,1,Not Graduate,Yes,7085,0,84000,360,1,Rural,Y
LP003256,Male,No,6,2,Not Graduate,No,3859,0,96000,360,1,Rural,Y
LP003257,Male,No,6,1,Not Graduate,No,4301,0,118000,360,1,Urban,Y
LP003258,Male,No,6,1,Not Graduate,No,3708,2569,173000,360,1,Urban,N
LP003259,Male,Yes,6,2,Not Graduate,No,4354,0,136000,360,1,Semiurban,Y
LP003260,Male,No,6,1,Not Graduate,No,8334,0,160000,360,1,Rural,N
LP003261,,No,6,1,Not Graduate,Yes,2083,4083,160000,360,,Rural,Y
LP003262,Male,No,6,3+,Not Graduate,No,7740,0,128000,180,1,Urban,Y
LP003263,Male,No,6,1,Not Graduate,No,3015,2188,153000,360,1,Semiurban,Y
LP003264,Female,Yes,6,2,Graduate,,5191,0,132000,360,1,Rural,Y
LP003265,Male,Yes,6,1,Not Graduate,No,4166,0,98000,360,0,Rural,N
LP003266,Male,Yes,6,1,Not Graduate,No,6000,0,140000,360,1,Semiurban,Y
LP003267,Male,No,6,3+,Graduate,No,2947,1664,70000,180,0,Urban,N
LP003268,,No,6,1,Not Graduate,No,16692,0,110000,360,1,Rural,Y
LP003269,Female,No,6,2,Graduate,,210,2917,98000,360,1,Rural,Y
LP003270,Male,No,6,1,Not Graduate,No,4333,2451,110000,360,1,Urban,N
LP003271,Male,No,6,2,Not Graduate,Yes,3450,2079,162000,360,1,Rural,Y
LP003272,Male,No,6,2,Graduate,No,2653,1500,113000,180,0,Semiurban,N
LP003273,Male,No,6,3+,Not Graduate,No,4691,0,100000,360,1,Rural,Y
LP003274,Female,Yes,6,1,Not Graduate,Yes,2500,0,93000,360,,Urban,Y
LP003275,Male,Yes,6,2,Not Graduate,No,5532,4648,162000,360,1,Semiurban,Y
LP003276,Male,No,6,2,Not Graduate,Yes,16525,1014,150000,360,1,Semiurban,Y
LP003277,Male,No,6,2,Not Graduate,No,6700,1750,230000,300,1,Rural,Y
LP003278,,No,6,2,Not Graduate,No,2873,1872,132000,360,0,Rural,N
LP003279,Male,No,6,2,Not Graduate,Yes,16667,2250,86000,360,1,Rural,Y
LP003280,Male,No,6,2,Not Graduate,No,2947,1603,,360,1,Urban,N
LP003281,Female,Yes,6,1,Graduate,No,4350,0,154000,360,1,Semiurban,Y
LP003282,Male,No,6,3+,Graduate,No,3095,0,113000,360,1,Semiurban,Y
LP003283,Male,No,6,1,Not Graduate,No,2083,3150,128000,360,1,Rural,Y
LP003284,Male,No,6,1,Not Graduate,No,10833,0,234000,360,1,Rural,Y
LP003285,Male,No,6,2,Not Graduate,No,8333,0,246000,360,1,Rural,Y
LP003286,Male,No,6,2,Graduate,No,1958,2436,131000,360,1,Semiurban,Y
LP003287,Male,Yes,6,2,Not Graduate,No,3547,0,80000,360,0,Semiurban,N
LP003288,Male,No,6,2,Not Graduate,No,18333,0,500000,360,1,Urban,N
LP003289,Male,No,6,2,Not Graduate,Yes,4583,2083,160000,360,1,Rural,Y
LP003290,Male,Yes,6,1,Not Graduate,No,2435,0,75000,360,1,Urban,N
LP003291,Male,Yes,6,1,Graduate,No,2699,2785,96000,360,,Rural,Y
LP003292,Male,No,6,2,Graduate,No,5333,1131,186000,360,,Urban,Y
LP003293,Male,Yes,6,1,Graduate,No,3691,0,110000,360,1,Semiurban,Y
LP003294,Female,Yes,6,1,Graduate,Yes,17263,0,225000,360,1,Rural,Y
LP003295,Male,No,6,1,Not Graduate,No,3597,2157,119000,360,0,Semiurban,N
LP003296,Female,No,6,2,Not Graduate,No,3326,913,105000,84,1,Rural,Y
LP003297,Male,No,6,1,Graduate,No,2600,1700,107000,360,1,Semiurban,Y
LP003298,Male,No,6,1,Not Graduate,No,4625,2857,111000,84,,Urban,Y
LP003299,Male,No,6,2,Not Graduate,Yes,2895,0,95000,360,1,Rural,Y
LP003300,Male,Yes,6,1,Not Graduate,No,6283,4416,209000,360,0,Semiurban,N
LP003301,Female,Yes,6,1,Not Graduate,No,645,3683,113000,480,1,Semiurban,Y
LP003302,Female,Yes,6,1,Not Graduate,No,3159,0,100000,360,1,Rural,Y
LP003303,Male,No,6,2,Not Graduate,No,4865,5624,208000,360,1,Rural,Y
LP003304,Male,No,6,2,Graduate,No,4050,5302,138000,360,,Semiurban,N
LP003305,Male,No,6,1,Graduate,No,3814,1483,124000,300,1,Rural,Y
LP003306,Male,No,6,2,Not Graduate,No,3510,4416,243000,360,1,Semiurban,Y
LP003307,Male,No,6,1,Not Graduate,No,20833,6667,480000,360,,Urban,Y
LP003308,,Yes,6,1,Not Graduate,No,3583,0,96000,360,1,Urban,N
LP003309,Male,No,6,1,Not Graduate,Yes,2479,3013,188000,360,1,Urban,Y
LP003310,Female,Yes,6,2,Not Graduate,No,13262,0,40000,360,1,Urban,Y
LP003311,Male,Yes,6,1,Graduate,No,3598,1287,100000,360,1,Semiurban,N
LP003312,Male,No,6,2,Not Graduate,No,6065,2004,250000,360,1,Rural,Y
LP003313,Male,No,6,2,Not Graduate,No,3283,2035,148000,360,1,Urban,Y
LP003314,Male,No,6,1,Not Graduate,No,2130,6666,70000,180,1,Rural,N
LP003315,Male,Yes,6,1,Not Graduate,No,5815,3666,311000,360,1,Semiurban,N
LP003316,Male,No,6,3+,Not Graduate,No,3466,3428,150000,360,1,Semiurban,Y
LP003317,Female,No,6,2,Not Graduate,No,2031,1632,113000,480,1,Rural,Y
LP003318,Male,No,6,1,Graduate,No,3074,1800,123000,360,0,Rural,N
LP003319,Male,Yes,6,1,Not Graduate,No,4683,1915,185000,360,1,Rural,N
LP003320,Female,Yes,6,1,Graduate,No,3400,0,95000,360,1,Semiurban,N
LP003321,Male,No,6,2,Graduate,No,2192,1742,45000,360,1,Rural,Y
LP003322,Male,Yes,6,1,Not Graduate,No,2500,0,55000,360,1,Rural,Y
LP003323,Male,No,6,3+,Not Graduate,Yes,5677,1424,100000,360,1,Semiurban,Y
LP003324,Male,No,6,2,Not Graduate,Yes,7948,7166,480000,360,1,Semiurban,Y
LP003325,Male,Yes,6,1,Not Graduate,No,4680,2087,,360,1,Rural,N
LP003326,Male,No,6,2,Not Graduate,Yes,17500,0,400000,360,1,Semiurban,Y
LP003327,Male,No,6,1,Not Graduate,No,3775,0,110000,360,1,Rural,Y
LP003328,Male,No,6,2,Graduate,No,5285,1430,161000,360,0,Rural,Y
LP003329,Male,Yes,6,2,Graduate,No,2679,1302,94000,360,1,Rural,Y
LP003330,Male,Yes,6,1,Graduate,No,6783,0,130000,360,1,Rural,Y
LP003331,Male,No,6,1,Not Graduate,No,1025,5500,216000,360,,Semiurban,Y
LP003332,Male,No,6,3+,Not Graduate,No,4281,0,100000,360,1,Urban,Y
LP003333,Male,Yes,6,2,Not Graduate,No,3588,0,110000,360,0,Semiurban,N
LP003334,Male,Yes,6,2,Not Graduate,No,11250,0,196000,360,,Rural,N
LP003335,Female,Yes,6,1,Graduate,Yes,18165,0,125000,360,1,Urban,Y
LP003336,Male,Yes,6,1,Graduate,,2550,2042,126000,360,1,Semiurban,Y
LP003337,Male,No,6,1,Not Graduate,No,6133,3906,324000,360,1,Urban,Y
LP003338,Male,Yes,6,2,Not Graduate,No,3617,0,107000,360,1,Rural,Y
LP003339,Male,No,6,1,Graduate,No,2917,536,66000,360,1,Semiurban,N
LP003340,Male,No,6,3+,Not Graduate,No,6417,0,157000,180,1,Semiurban,Y
LP003341,Female,No,6,2,Not Graduate,No,4608,2845,140000,180,1,Rural,Y
LP003342,Female,Yes,6,1,Not Graduate,No,2138,0,99000,360,0,Rural,N
LP003343,Female,Yes,6,2,Not Graduate,,3652,0,95000,360,1,Rural,Y
LP003344,Male,No,6,2,Graduate,No,2239,2524,128000,360,1,Urban,Y
LP003345,Female,No,6,1,Graduate,No,3017,663,102000,360,,Rural,Y
LP003346,Male,No,6,1,Not Graduate,No,2768,1950,155000,360,1,Semiurban,Y
LP003347,Male,Yes,6,1,Graduate,No,3358,0,80000,36,1,Rural,N
LP003348,Male,Yes,6,1,Not Graduate,No,2526,1783,145000,360,1,Semiurban,Y
LP003349,Female,Yes,6,1,Not Graduate,No,5000,0,103000,360,0,Rural,N
LP003350,Male,No,6,1,Not Graduate,No,2785,2016,110000,360,1,Semiurban,Y
LP003351,Male,No,6,2,Not Graduate,Yes,6633,0,,360,0,Semiurban,N
LP003352,Male,No,6,2,Graduate,No,2492,2375,,360,1,Semiurban,Y
LP003353,Male,No,6,2,Not Graduate,No,3333,3250,158000,360,1,Urban,Y
LP003354,Male,No,6,1,Graduate,No,2454,2333,181000,360,0,Urban,N
LP003355,Male,No,6,1,Not Graduate,No,3593,4266,132000,180,0,Semiurban,N
LP003356,Male,No,6,2,Not Graduate,No,5468,1032,26000,360,1,Rural,Y
LP003357,Female,Yes,6,1,Not Graduate,No,2667,1625,84000,360,,Urban,Y
LP003358,Male,No,6,3+,Not Graduate,Yes,10139,0,260000,360,1,Rural,Y
LP003359,Male,No,6,1,Not Graduate,No,3887,2669,162000,360,1,Rural,Y
LP003360,Female,No,6,1,Not Graduate,No,4180,2306,182000,360,1,Rural,Y
LP003361,Male,No,6,2,Graduate,No,3675,242,108000,360,1,Rural,Y
LP003362,Female,No,6,2,Not Graduate,Yes,19484,0,600000,360,1,Rural,Y
LP003363,Male,No,6,1,Not Graduate,No,5923,2054,211000,360,1,Semiurban,Y
LP003364,Male,Yes,6,1,Graduate,Yes,5800,0,132000,360,1,Rural,Y
LP003365,Male,No,6,2,Not Graduate,No,8799,0,258000,360,0,Urban,N
LP003366,Male,No,6,1,Graduate,No,4467,0,120000,360,,Semiurban,Y
LP003367,Male,Yes,6,1,Not Graduate,No,3333,0,70000,360,1,Urban,Y
LP003368,Male,No,6,3+,Not Graduate,No,3400,2500,123000,360,0,Semiurban,N
LP003369,Female,Yes,6,1,Not Graduate,No,2378,0,9000,360,1,Urban,N
LP003370,Male,No,6,1,Not Graduate,No,3166,2064,104000,360,0,Urban,N
LP003371,Male,No,6,2,Not Graduate,No,3417,1750,186000,360,1,Urban,Y
LP003372,Male,No,6,1,Not Graduate,No,5116,1451,165000,360,0,Urban,N
LP003373,Male,No,6,2,Not Graduate,No,16666,0,275000,360,1,Urban,Y
LP003374,Male,No,6,2,Graduate,No,6125,1625,187000,480,1,Rural,N
LP003375,Male,No,6,3+,Not Graduate,No,6406,0,150000,360,1,Rural,N
LP003376,Male,No,6,2,Not Graduate,No,3159,461,108000,84,1,Urban,Y
LP003377,,No,6,1,Not Graduate,No,3087,2210,136000,360,0,Rural,N
LP003378,Male,Yes,6,1,Not Graduate,No,3229,2739,110000,360,1,Urban,Y
LP003379,Male,No,6,2,Not Graduate,No,1782,2232,107000,360,1,Semiurban,Y
LP003380,Male,Yes,6,1,Not Graduate,,3182,2917,161000,360,1,Urban,Y
LP003381,Male,No,6,2,Not Graduate,No,6540,0,205000,360,1,Rural,Y
LP003382,Male,Yes,6,1,Not Graduate,No,1836,33837,90000,360,1,Urban,N
LP003383,Female,No,6,1,Not Graduate,No,3166,0,36000,360,1,Rural,Y
LP003384,Male,No,6,2,Not Graduate,No,1880,0,61000,360,,Semiurban,N
LP003385,Male,No,6,2,Not Graduate,No,2787,1917,146000,360,0,Semiurban,N
LP003386,Male,No,6,2,Not Graduate,No,4283,3000,172000,84,1,Semiurban,N
LP003387,Male,No,6,1,Not Graduate,No,2297,1522,104000,360,1,Urban,Y
LP003388,Female,Yes,6,1,Graduate,No,2165,0,70000,360,1,Rural,Y
LP003389,,Yes,6,1,Not Graduate,No,4750,0,94000,360,1,Rural,Y
LP003390,Male,No,6,2,Not Graduate,Yes,2726,0,106000,360,0,Rural,N
LP003391,Male,No,6,1,Not Graduate,No,3000,3416,56000,180,1,Rural,Y
LP003392,Male,No,6,2,Not Graduate,Yes,6000,0,205000,240,1,Rural,N
LP003393,,Yes,6,3+,Not Graduate,Yes,9357,0,292000,360,1,Rural,Y
LP003394,Male,No,6,1,Not Graduate,No,3859,3300,142000,180,1,Semiurban,Y
LP003395,Male,No,6,1,Not Graduate,Yes,16120,0,260000,360,1,Urban,Y
LP003396,Male,Yes,6,1,Graduate,No,3833,0,110000,360,1,Semiurban,Y
LP003397,Male,No,6,2,Graduate,Yes,6383,1000,187000,360,1,Semiurban,N
LP003398,Male,Yes,6,1,Not Graduate,No,2987,0,88000,360,0,Rural,N
LP003399,Male,No,6,1,Not Graduate,Yes,9963,0,180000,360,1,Semiurban,Y
LP003400,Male,No,6,2,Not Graduate,No,5780,0,192000,360,1,Urban,Y
LP003401,Female,Yes,6,3+,Not Graduate,,416,41667,350000,180,,Urban,N
LP003402,Male,No,6,1,Graduate,,2894,2792,155000,360,1,Semiurban,Y
LP003403,Male,No,6,3+,Not Graduate,No,5703,0,128000,360,1,Urban,Y
LP003404,Male,Yes,6,1,Not Graduate,No,3676,4301,172000,360,1,Semiurban,Y
LP003405,Female,No,6,2,Not Graduate,No,12000,0,496000,360,1,Rural,Y
LP003406,Male,No,6,1,Graduate,No,2400,3800,,180,1,Urban,N
LP003407,Male,No,6,2,Not Graduate,No,3400,2500,173000,360,1,Rural,Y
LP003408,Male,No,6,2,Graduate,No,3987,1411,157000,360,1,Semiurban,Y
LP003409,Male,No,6,1,Not Graduate,No,3232,1950,108000,360,1,Semiurban,Y
LP003410,Female,Yes,6,1,Not Graduate,No,2900,0,71000,360,1,Semiurban,Y
LP003411,Male,No,6,3+,Not Graduate,No,4106,0,40000,180,1,Semiurban,Y
LP003412,Male,No,6,2,Not Graduate,No,8072,240,253000,360,1,Urban,Y
LP003413,Male,No,6,2,Not Graduate,No,7583,0,187000,360,1,Urban,Y
LP003414,Female,Yes,6,1,Not Graduate,Yes,4583,0,133000,360,0,Rural,N